size,anchor,variant,implementation_mode,lambda_mem,seed,EbNo_dB,BER,FER,syndrome_violation_rate,avg_syndrome_weight,BP_BER,BP_FER,n_trials,n_bits_total
N96_M48,lambda,pSA,pSA,0.0,20260826,2.0,0.05719791666666667,0.546,0.443,7.113,0.025252083333333335,0.26,1000,96000
N96_M48,lambda,pSA,pSA,0.0,20260826,2.5,0.03275,0.361,0.236,3.624,0.01286875,0.148,1000,96000
N96_M48,lambda,pSA,pSA,0.0,20260826,3.0,0.01628125,0.235,0.101,1.415,0.005091666666666667,0.0716,1000,96000
N96_M48,lambda,pSA,pSA,0.0,20268848,2.0,0.06047916666666667,0.559,0.462,7.604,0.025252083333333335,0.26,1000,96000
N96_M48,lambda,pSA,pSA,0.0,20268848,2.5,0.031114583333333334,0.346,0.224,3.389,0.01286875,0.148,1000,96000
N96_M48,lambda,pSA,pSA,0.0,20268848,3.0,0.013645833333333333,0.195,0.093,1.412,0.005091666666666667,0.0716,1000,96000
N96_M48,lambda,pSA,pSA,0.0,20276870,2.0,0.05959375,0.566,0.457,7.223,0.025252083333333335,0.26,1000,96000
N96_M48,lambda,pSA,pSA,0.0,20276870,2.5,0.03204166666666667,0.352,0.218,3.22,0.01286875,0.148,1000,96000
N96_M48,lambda,pSA,pSA,0.0,20276870,3.0,0.0140625,0.203,0.087,1.328,0.005091666666666667,0.0716,1000,96000
N96_M48,lambda,pSA,pSA,0.0,20284892,2.0,0.06204166666666667,0.576,0.464,7.354,0.025252083333333335,0.26,1000,96000
N96_M48,lambda,pSA,pSA,0.0,20284892,2.5,0.02996875,0.331,0.23,3.609,0.01286875,0.148,1000,96000
N96_M48,lambda,pSA,pSA,0.0,20284892,3.0,0.015020833333333334,0.225,0.089,1.258,0.005091666666666667,0.0716,1000,96000
N96_M48,lambda,pSA,pSA,0.0,20292914,2.0,0.05813541666666667,0.556,0.437,7.027,0.025252083333333335,0.26,1000,96000
N96_M48,lambda,pSA,pSA,0.0,20292914,2.5,0.03190625,0.344,0.226,3.457,0.01286875,0.148,1000,96000
N96_M48,lambda,pSA,pSA,0.0,20292914,3.0,0.01540625,0.218,0.085,1.293,0.005091666666666667,0.0716,1000,96000
N96_M48,lambda,pSA,pSA,0.0,20300936,2.0,0.06125,0.579,0.452,7.314,0.025252083333333335,0.26,1000,96000
N96_M48,lambda,pSA,pSA,0.0,20300936,2.5,0.026885416666666665,0.323,0.19,2.771,0.01286875,0.148,1000,96000
N96_M48,lambda,pSA,pSA,0.0,20300936,3.0,0.01240625,0.188,0.079,1.127,0.005091666666666667,0.0716,1000,96000
N96_M48,lambda,pSA,pSA,0.0,20308958,2.0,0.06096875,0.565,0.441,7.233,0.025252083333333335,0.26,1000,96000
N96_M48,lambda,pSA,pSA,0.0,20308958,2.5,0.03239583333333333,0.375,0.231,3.526,0.01286875,0.148,1000,96000
N96_M48,lambda,pSA,pSA,0.0,20308958,3.0,0.015875,0.21,0.088,1.304,0.005091666666666667,0.0716,1000,96000
N96_M48,lambda,pSA,pSA,0.0,20316980,2.0,0.061197916666666664,0.571,0.469,7.591,0.025252083333333335,0.26,1000,96000
N96_M48,lambda,pSA,pSA,0.0,20316980,2.5,0.030197916666666668,0.341,0.235,3.617,0.01286875,0.148,1000,96000
N96_M48,lambda,pSA,pSA,0.0,20316980,3.0,0.014645833333333334,0.194,0.08,1.188,0.005091666666666667,0.0716,1000,96000
N96_M48,lambda,pSA,pSA,0.0,20325002,2.0,0.06075,0.569,0.448,7.188,0.025252083333333335,0.26,1000,96000
N96_M48,lambda,pSA,pSA,0.0,20325002,2.5,0.033979166666666664,0.358,0.235,3.596,0.01286875,0.148,1000,96000
N96_M48,lambda,pSA,pSA,0.0,20325002,3.0,0.01425,0.194,0.075,1.074,0.005091666666666667,0.0716,1000,96000
N96_M48,lambda,pSA,pSA,0.0,20333024,2.0,0.05775,0.553,0.446,7.204,0.025252083333333335,0.26,1000,96000
N96_M48,lambda,pSA,pSA,0.0,20333024,2.5,0.029739583333333333,0.338,0.219,3.247,0.01286875,0.148,1000,96000
N96_M48,lambda,pSA,pSA,0.0,20333024,3.0,0.013989583333333333,0.201,0.081,1.145,0.005091666666666667,0.0716,1000,96000
N96_M48,lambda,additive,lambda_pSA,0.95,20260826,2.0,0.02503125,0.245,0.112,1.311,0.025252083333333335,0.26,1000,96000
N96_M48,lambda,additive,lambda_pSA,0.95,20260826,2.5,0.013458333333333333,0.179,0.058,0.556,0.01286875,0.148,1000,96000
N96_M48,lambda,additive,lambda_pSA,0.95,20260826,3.0,0.0060416666666666665,0.1,0.021,0.182,0.005091666666666667,0.0716,1000,96000
N96_M48,lambda,additive,lambda_pSA,0.95,20268848,2.0,0.027697916666666666,0.276,0.123,1.475,0.025252083333333335,0.26,1000,96000
N96_M48,lambda,additive,lambda_pSA,0.95,20268848,2.5,0.013916666666666667,0.181,0.048,0.496,0.01286875,0.148,1000,96000
N96_M48,lambda,additive,lambda_pSA,0.95,20268848,3.0,0.008020833333333333,0.128,0.03,0.246,0.005091666666666667,0.0716,1000,96000
N96_M48,lambda,additive,lambda_pSA,0.95,20276870,2.0,0.027375,0.276,0.116,1.342,0.025252083333333335,0.26,1000,96000
N96_M48,lambda,additive,lambda_pSA,0.95,20276870,2.5,0.01203125,0.17,0.05,0.487,0.01286875,0.148,1000,96000
N96_M48,lambda,additive,lambda_pSA,0.95,20276870,3.0,0.00659375,0.108,0.025,0.203,0.005091666666666667,0.0716,1000,96000
N96_M48,lambda,additive,lambda_pSA,0.95,20284892,2.0,0.025604166666666667,0.267,0.125,1.428,0.025252083333333335,0.26,1000,96000
N96_M48,lambda,additive,lambda_pSA,0.95,20284892,2.5,0.014302083333333333,0.176,0.056,0.551,0.01286875,0.148,1000,96000
N96_M48,lambda,additive,lambda_pSA,0.95,20284892,3.0,0.006479166666666667,0.115,0.022,0.178,0.005091666666666667,0.0716,1000,96000
N96_M48,lambda,additive,lambda_pSA,0.95,20292914,2.0,0.026697916666666665,0.256,0.122,1.479,0.025252083333333335,0.26,1000,96000
N96_M48,lambda,additive,lambda_pSA,0.95,20292914,2.5,0.012041666666666668,0.151,0.048,0.476,0.01286875,0.148,1000,96000
N96_M48,lambda,additive,lambda_pSA,0.95,20292914,3.0,0.007458333333333333,0.122,0.031,0.258,0.005091666666666667,0.0716,1000,96000
N96_M48,lambda,additive,lambda_pSA,0.95,20300936,2.0,0.02540625,0.264,0.11,1.327,0.025252083333333335,0.26,1000,96000
N96_M48,lambda,additive,lambda_pSA,0.95,20300936,2.5,0.009197916666666667,0.151,0.03,0.261,0.01286875,0.148,1000,96000
N96_M48,lambda,additive,lambda_pSA,0.95,20300936,3.0,0.00678125,0.123,0.02,0.177,0.005091666666666667,0.0716,1000,96000
N96_M48,lambda,additive,lambda_pSA,0.95,20308958,2.0,0.027239583333333334,0.271,0.125,1.571,0.025252083333333335,0.26,1000,96000
N96_M48,lambda,additive,lambda_pSA,0.95,20308958,2.5,0.0120625,0.156,0.039,0.4,0.01286875,0.148,1000,96000
N96_M48,lambda,additive,lambda_pSA,0.95,20308958,3.0,0.007125,0.128,0.033,0.256,0.005091666666666667,0.0716,1000,96000
N96_M48,lambda,additive,lambda_pSA,0.95,20316980,2.0,0.027458333333333335,0.287,0.13,1.54,0.025252083333333335,0.26,1000,96000
N96_M48,lambda,additive,lambda_pSA,0.95,20316980,2.5,0.0135,0.169,0.05,0.434,0.01286875,0.148,1000,96000
N96_M48,lambda,additive,lambda_pSA,0.95,20316980,3.0,0.0061875,0.114,0.023,0.18,0.005091666666666667,0.0716,1000,96000
N96_M48,lambda,additive,lambda_pSA,0.95,20325002,2.0,0.0285,0.273,0.105,1.27,0.025252083333333335,0.26,1000,96000
N96_M48,lambda,additive,lambda_pSA,0.95,20325002,2.5,0.016291666666666666,0.195,0.06,0.646,0.01286875,0.148,1000,96000
N96_M48,lambda,additive,lambda_pSA,0.95,20325002,3.0,0.005854166666666666,0.113,0.019,0.116,0.005091666666666667,0.0716,1000,96000
N96_M48,lambda,additive,lambda_pSA,0.95,20333024,2.0,0.0243125,0.258,0.109,1.26,0.025252083333333335,0.26,1000,96000
N96_M48,lambda,additive,lambda_pSA,0.95,20333024,2.5,0.013916666666666667,0.18,0.054,0.57,0.01286875,0.148,1000,96000
N96_M48,lambda,additive,lambda_pSA,0.95,20333024,3.0,0.005520833333333333,0.108,0.013,0.078,0.005091666666666667,0.0716,1000,96000
N96_M48,lambda,normalized,lambda_pSA_normalized,0.95,20260826,2.0,0.08565625,0.875,0.858,13.969,0.025252083333333335,0.26,1000,96000
N96_M48,lambda,normalized,lambda_pSA_normalized,0.95,20260826,2.5,0.061364583333333333,0.687,0.655,10.137,0.01286875,0.148,1000,96000
N96_M48,lambda,normalized,lambda_pSA_normalized,0.95,20260826,3.0,0.035020833333333334,0.451,0.378,5.516,0.005091666666666667,0.0716,1000,96000
N96_M48,lambda,normalized,lambda_pSA_normalized,0.95,20268848,2.0,0.08845833333333333,0.883,0.856,14.25,0.025252083333333335,0.26,1000,96000
N96_M48,lambda,normalized,lambda_pSA_normalized,0.95,20268848,2.5,0.060083333333333336,0.689,0.647,9.978,0.01286875,0.148,1000,96000
N96_M48,lambda,normalized,lambda_pSA_normalized,0.95,20268848,3.0,0.03328125,0.427,0.36,5.299,0.005091666666666667,0.0716,1000,96000
N96_M48,lambda,normalized,lambda_pSA_normalized,0.95,20276870,2.0,0.08732291666666667,0.877,0.855,13.979,0.025252083333333335,0.26,1000,96000
N96_M48,lambda,normalized,lambda_pSA_normalized,0.95,20276870,2.5,0.05909375,0.687,0.652,9.821,0.01286875,0.148,1000,96000
N96_M48,lambda,normalized,lambda_pSA_normalized,0.95,20276870,3.0,0.03353125,0.439,0.388,5.505,0.005091666666666667,0.0716,1000,96000
N96_M48,lambda,normalized,lambda_pSA_normalized,0.95,20284892,2.0,0.08927083333333333,0.893,0.882,14.462,0.025252083333333335,0.26,1000,96000
N96_M48,lambda,normalized,lambda_pSA_normalized,0.95,20284892,2.5,0.060447916666666664,0.683,0.646,10.069,0.01286875,0.148,1000,96000
N96_M48,lambda,normalized,lambda_pSA_normalized,0.95,20284892,3.0,0.03428125,0.452,0.392,5.689,0.005091666666666667,0.0716,1000,96000
N96_M48,lambda,normalized,lambda_pSA_normalized,0.95,20292914,2.0,0.08503125,0.861,0.847,13.767,0.025252083333333335,0.26,1000,96000
N96_M48,lambda,normalized,lambda_pSA_normalized,0.95,20292914,2.5,0.05979166666666667,0.679,0.655,9.964,0.01286875,0.148,1000,96000
N96_M48,lambda,normalized,lambda_pSA_normalized,0.95,20292914,3.0,0.035145833333333334,0.446,0.38,5.636,0.005091666666666667,0.0716,1000,96000
N96_M48,lambda,normalized,lambda_pSA_normalized,0.95,20300936,2.0,0.08726041666666666,0.884,0.862,14.183,0.025252083333333335,0.26,1000,96000
N96_M48,lambda,normalized,lambda_pSA_normalized,0.95,20300936,2.5,0.05502083333333333,0.67,0.626,9.35,0.01286875,0.148,1000,96000
N96_M48,lambda,normalized,lambda_pSA_normalized,0.95,20300936,3.0,0.03247916666666667,0.432,0.365,5.348,0.005091666666666667,0.0716,1000,96000
N96_M48,lambda,normalized,lambda_pSA_normalized,0.95,20308958,2.0,0.08663541666666667,0.882,0.866,14.055,0.025252083333333335,0.26,1000,96000
N96_M48,lambda,normalized,lambda_pSA_normalized,0.95,20308958,2.5,0.060395833333333336,0.706,0.664,10.14,0.01286875,0.148,1000,96000
N96_M48,lambda,normalized,lambda_pSA_normalized,0.95,20308958,3.0,0.03573958333333333,0.451,0.389,5.735,0.005091666666666667,0.0716,1000,96000
N96_M48,lambda,normalized,lambda_pSA_normalized,0.95,20316980,2.0,0.08829166666666667,0.884,0.869,14.244,0.025252083333333335,0.26,1000,96000
N96_M48,lambda,normalized,lambda_pSA_normalized,0.95,20316980,2.5,0.0580625,0.649,0.617,9.714,0.01286875,0.148,1000,96000
N96_M48,lambda,normalized,lambda_pSA_normalized,0.95,20316980,3.0,0.033354166666666664,0.438,0.38,5.486,0.005091666666666667,0.0716,1000,96000
N96_M48,lambda,normalized,lambda_pSA_normalized,0.95,20325002,2.0,0.08671875,0.876,0.852,13.999,0.025252083333333335,0.26,1000,96000
N96_M48,lambda,normalized,lambda_pSA_normalized,0.95,20325002,2.5,0.06470833333333334,0.724,0.691,10.718,0.01286875,0.148,1000,96000
N96_M48,lambda,normalized,lambda_pSA_normalized,0.95,20325002,3.0,0.035416666666666666,0.463,0.402,5.678,0.005091666666666667,0.0716,1000,96000
N96_M48,lambda,normalized,lambda_pSA_normalized,0.95,20333024,2.0,0.08546875,0.864,0.845,13.979,0.025252083333333335,0.26,1000,96000
N96_M48,lambda,normalized,lambda_pSA_normalized,0.95,20333024,2.5,0.06013541666666666,0.686,0.65,9.929,0.01286875,0.148,1000,96000
N96_M48,lambda,normalized,lambda_pSA_normalized,0.95,20333024,3.0,0.0336875,0.438,0.379,5.602,0.005091666666666667,0.0716,1000,96000
N96_M48,lambda,gain_only,gain_only_pSA,0.95,20260826,2.0,0.051,0.489,0.379,5.844,0.025252083333333335,0.26,1000,96000
N96_M48,lambda,gain_only,gain_only_pSA,0.95,20260826,2.5,0.0276875,0.308,0.192,2.81,0.01286875,0.148,1000,96000
N96_M48,lambda,gain_only,gain_only_pSA,0.95,20260826,3.0,0.015875,0.221,0.075,1.046,0.005091666666666667,0.0716,1000,96000
N96_M48,lambda,gain_only,gain_only_pSA,0.95,20268848,2.0,0.0529375,0.513,0.402,6.372,0.025252083333333335,0.26,1000,96000
N96_M48,lambda,gain_only,gain_only_pSA,0.95,20268848,2.5,0.024791666666666667,0.291,0.174,2.524,0.01286875,0.148,1000,96000
N96_M48,lambda,gain_only,gain_only_pSA,0.95,20268848,3.0,0.013677083333333333,0.191,0.078,1.069,0.005091666666666667,0.0716,1000,96000
N96_M48,lambda,gain_only,gain_only_pSA,0.95,20276870,2.0,0.05310416666666667,0.518,0.398,6.096,0.025252083333333335,0.26,1000,96000
N96_M48,lambda,gain_only,gain_only_pSA,0.95,20276870,2.5,0.028260416666666666,0.317,0.195,2.723,0.01286875,0.148,1000,96000
N96_M48,lambda,gain_only,gain_only_pSA,0.95,20276870,3.0,0.013322916666666667,0.19,0.062,0.953,0.005091666666666667,0.0716,1000,96000
N96_M48,lambda,gain_only,gain_only_pSA,0.95,20284892,2.0,0.053,0.504,0.399,6.298,0.025252083333333335,0.26,1000,96000
N96_M48,lambda,gain_only,gain_only_pSA,0.95,20284892,2.5,0.028739583333333332,0.3,0.189,2.881,0.01286875,0.148,1000,96000
N96_M48,lambda,gain_only,gain_only_pSA,0.95,20284892,3.0,0.01303125,0.207,0.066,0.881,0.005091666666666667,0.0716,1000,96000
N96_M48,lambda,gain_only,gain_only_pSA,0.95,20292914,2.0,0.05144791666666667,0.501,0.39,5.987,0.025252083333333335,0.26,1000,96000
N96_M48,lambda,gain_only,gain_only_pSA,0.95,20292914,2.5,0.025802083333333333,0.294,0.178,2.549,0.01286875,0.148,1000,96000
N96_M48,lambda,gain_only,gain_only_pSA,0.95,20292914,3.0,0.01540625,0.197,0.076,1.135,0.005091666666666667,0.0716,1000,96000
N96_M48,lambda,gain_only,gain_only_pSA,0.95,20300936,2.0,0.05315625,0.528,0.397,6.205,0.025252083333333335,0.26,1000,96000
N96_M48,lambda,gain_only,gain_only_pSA,0.95,20300936,2.5,0.023427083333333334,0.304,0.159,2.095,0.01286875,0.148,1000,96000
N96_M48,lambda,gain_only,gain_only_pSA,0.95,20300936,3.0,0.0131875,0.191,0.068,0.962,0.005091666666666667,0.0716,1000,96000
N96_M48,lambda,gain_only,gain_only_pSA,0.95,20308958,2.0,0.05213541666666666,0.489,0.38,6.007,0.025252083333333335,0.26,1000,96000
N96_M48,lambda,gain_only,gain_only_pSA,0.95,20308958,2.5,0.025520833333333333,0.289,0.171,2.54,0.01286875,0.148,1000,96000
N96_M48,lambda,gain_only,gain_only_pSA,0.95,20308958,3.0,0.013364583333333332,0.185,0.066,0.899,0.005091666666666667,0.0716,1000,96000
N96_M48,lambda,gain_only,gain_only_pSA,0.95,20316980,2.0,0.05516666666666667,0.52,0.421,6.628,0.025252083333333335,0.26,1000,96000
N96_M48,lambda,gain_only,gain_only_pSA,0.95,20316980,2.5,0.029697916666666668,0.327,0.18,2.591,0.01286875,0.148,1000,96000
N96_M48,lambda,gain_only,gain_only_pSA,0.95,20316980,3.0,0.01228125,0.202,0.063,0.899,0.005091666666666667,0.0716,1000,96000
N96_M48,lambda,gain_only,gain_only_pSA,0.95,20325002,2.0,0.053260416666666664,0.518,0.404,6.195,0.025252083333333335,0.26,1000,96000
N96_M48,lambda,gain_only,gain_only_pSA,0.95,20325002,2.5,0.03128125,0.337,0.199,2.945,0.01286875,0.148,1000,96000
N96_M48,lambda,gain_only,gain_only_pSA,0.95,20325002,3.0,0.011739583333333333,0.186,0.063,0.833,0.005091666666666667,0.0716,1000,96000
N96_M48,lambda,gain_only,gain_only_pSA,0.95,20333024,2.0,0.051541666666666666,0.502,0.388,6.008,0.025252083333333335,0.26,1000,96000
N96_M48,lambda,gain_only,gain_only_pSA,0.95,20333024,2.5,0.02853125,0.325,0.191,2.683,0.01286875,0.148,1000,96000
N96_M48,lambda,gain_only,gain_only_pSA,0.95,20333024,3.0,0.011708333333333333,0.176,0.061,0.816,0.005091666666666667,0.0716,1000,96000
