size,initialization,variant,n_trajectories,n_cycles,initial_BER_n,initial_BER_mean,initial_BER_sd,initial_BER_sem,initial_BER_ci95_low,initial_BER_ci95_high,initial_BER_median,initial_BER_q25,initial_BER_q75,initial_syndrome_weight_fraction_n,initial_syndrome_weight_fraction_mean,initial_syndrome_weight_fraction_sd,initial_syndrome_weight_fraction_sem,initial_syndrome_weight_fraction_ci95_low,initial_syndrome_weight_fraction_ci95_high,initial_syndrome_weight_fraction_median,initial_syndrome_weight_fraction_q25,initial_syndrome_weight_fraction_q75,initial_channel_alignment_n,initial_channel_alignment_mean,initial_channel_alignment_sd,initial_channel_alignment_sem,initial_channel_alignment_ci95_low,initial_channel_alignment_ci95_high,initial_channel_alignment_median,initial_channel_alignment_q25,initial_channel_alignment_q75,initial_hard_channel_disagreement_rate_n,initial_hard_channel_disagreement_rate_mean,initial_hard_channel_disagreement_rate_sd,initial_hard_channel_disagreement_rate_sem,initial_hard_channel_disagreement_rate_ci95_low,initial_hard_channel_disagreement_rate_ci95_high,initial_hard_channel_disagreement_rate_median,initial_hard_channel_disagreement_rate_q25,initial_hard_channel_disagreement_rate_q75,decoded_BER_n,decoded_BER_mean,decoded_BER_sd,decoded_BER_sem,decoded_BER_ci95_low,decoded_BER_ci95_high,decoded_BER_median,decoded_BER_q25,decoded_BER_q75,decoded_FER_n,decoded_FER_mean,decoded_FER_sd,decoded_FER_sem,decoded_FER_ci95_low,decoded_FER_ci95_high,decoded_FER_median,decoded_FER_q25,decoded_FER_q75,decoded_syndrome_weight_n,decoded_syndrome_weight_mean,decoded_syndrome_weight_sd,decoded_syndrome_weight_sem,decoded_syndrome_weight_ci95_low,decoded_syndrome_weight_ci95_high,decoded_syndrome_weight_median,decoded_syndrome_weight_q25,decoded_syndrome_weight_q75,final_state_BER_n,final_state_BER_mean,final_state_BER_sd,final_state_BER_sem,final_state_BER_ci95_low,final_state_BER_ci95_high,final_state_BER_median,final_state_BER_q25,final_state_BER_q75,mean_state_BER_n,mean_state_BER_mean,mean_state_BER_sd,mean_state_BER_sem,mean_state_BER_ci95_low,mean_state_BER_ci95_high,mean_state_BER_median,mean_state_BER_q25,mean_state_BER_q75,late_state_BER_n,late_state_BER_mean,late_state_BER_sd,late_state_BER_sem,late_state_BER_ci95_low,late_state_BER_ci95_high,late_state_BER_median,late_state_BER_q25,late_state_BER_q75,mean_syndrome_weight_fraction_n,mean_syndrome_weight_fraction_mean,mean_syndrome_weight_fraction_sd,mean_syndrome_weight_fraction_sem,mean_syndrome_weight_fraction_ci95_low,mean_syndrome_weight_fraction_ci95_high,mean_syndrome_weight_fraction_median,mean_syndrome_weight_fraction_q25,mean_syndrome_weight_fraction_q75,late_syndrome_weight_fraction_n,late_syndrome_weight_fraction_mean,late_syndrome_weight_fraction_sd,late_syndrome_weight_fraction_sem,late_syndrome_weight_fraction_ci95_low,late_syndrome_weight_fraction_ci95_high,late_syndrome_weight_fraction_median,late_syndrome_weight_fraction_q25,late_syndrome_weight_fraction_q75,mean_bit_flip_rate_n,mean_bit_flip_rate_mean,mean_bit_flip_rate_sd,mean_bit_flip_rate_sem,mean_bit_flip_rate_ci95_low,mean_bit_flip_rate_ci95_high,mean_bit_flip_rate_median,mean_bit_flip_rate_q25,mean_bit_flip_rate_q75,late_bit_flip_rate_n,late_bit_flip_rate_mean,late_bit_flip_rate_sd,late_bit_flip_rate_sem,late_bit_flip_rate_ci95_low,late_bit_flip_rate_ci95_high,late_bit_flip_rate_median,late_bit_flip_rate_q25,late_bit_flip_rate_q75,mean_backflip_rate_n,mean_backflip_rate_mean,mean_backflip_rate_sd,mean_backflip_rate_sem,mean_backflip_rate_ci95_low,mean_backflip_rate_ci95_high,mean_backflip_rate_median,mean_backflip_rate_q25,mean_backflip_rate_q75,late_backflip_rate_n,late_backflip_rate_mean,late_backflip_rate_sd,late_backflip_rate_sem,late_backflip_rate_ci95_low,late_backflip_rate_ci95_high,late_backflip_rate_median,late_backflip_rate_q25,late_backflip_rate_q75,mean_channel_alignment_n,mean_channel_alignment_mean,mean_channel_alignment_sd,mean_channel_alignment_sem,mean_channel_alignment_ci95_low,mean_channel_alignment_ci95_high,mean_channel_alignment_median,mean_channel_alignment_q25,mean_channel_alignment_q75,late_channel_alignment_n,late_channel_alignment_mean,late_channel_alignment_sd,late_channel_alignment_sem,late_channel_alignment_ci95_low,late_channel_alignment_ci95_high,late_channel_alignment_median,late_channel_alignment_q25,late_channel_alignment_q75,reached_correct_n,reached_correct_mean,reached_correct_sd,reached_correct_sem,reached_correct_ci95_low,reached_correct_ci95_high,reached_correct_median,reached_correct_q25,reached_correct_q75,first_correct_cycle_n,first_correct_cycle_mean,first_correct_cycle_sd,first_correct_cycle_sem,first_correct_cycle_ci95_low,first_correct_cycle_ci95_high,first_correct_cycle_median,first_correct_cycle_q25,first_correct_cycle_q75,correct_residence_fraction_n,correct_residence_fraction_mean,correct_residence_fraction_sd,correct_residence_fraction_sem,correct_residence_fraction_ci95_low,correct_residence_fraction_ci95_high,correct_residence_fraction_median,correct_residence_fraction_q25,correct_residence_fraction_q75,correct_escape_probability_n,correct_escape_probability_mean,correct_escape_probability_sd,correct_escape_probability_sem,correct_escape_probability_ci95_low,correct_escape_probability_ci95_high,correct_escape_probability_median,correct_escape_probability_q25,correct_escape_probability_q75,correct_return_probability_n,correct_return_probability_mean,correct_return_probability_sd,correct_return_probability_sem,correct_return_probability_ci95_low,correct_return_probability_ci95_high,correct_return_probability_median,correct_return_probability_q25,correct_return_probability_q75,correct_mean_return_time_n,correct_mean_return_time_mean,correct_mean_return_time_sd,correct_mean_return_time_sem,correct_mean_return_time_ci95_low,correct_mean_return_time_ci95_high,correct_mean_return_time_median,correct_mean_return_time_q25,correct_mean_return_time_q75,correct_acquisition_count,correct_acquisition_rate,correct_acquisition_wilson_ci95_low,correct_acquisition_wilson_ci95_high,correct_residence_fraction_pooled,correct_escape_probability_pooled,correct_return_probability_pooled,correct_mean_return_time_pooled
N192_M96,all_zero,pSA,200,19200,200,0.49723958333333335,0.036076495610850884,0.002550993468787938,0.492239636134509,0.5022395305321578,0.5,0.46875,0.5208333333333334,200,0.0,0.0,0.0,0.0,0.0,0.0,0.0,0.0,200,0.007365517172414757,0.057110910902735054,0.004038351237906469,-0.0005496512538819215,0.015280685598711437,0.012811720941012596,-0.027914833422168935,0.03914804673428125,200,0.495546875,0.0347189843112712,0.002455002924240922,0.4907350692684878,0.5003586807315122,0.4947916666666667,0.46875,0.5169270833333334,200,0.2891927083333333,0.040051727841419325,0.0028320848354905647,0.2836418220557718,0.29474359461089483,0.2864583333333333,0.2604166666666667,0.3177083333333333,200,1.0,0.0,0.0,1.0,1.0,1.0,1.0,1.0,200,20.845,1.8623416933835137,0.13168744402779206,20.586892609705526,21.103107390294472,21.0,20.0,22.0,200,0.327265625,0.043327509239602074,0.003063717559524542,0.32126073858333193,0.3332705114166681,0.328125,0.30078125,0.3541666666666667,0,nan,nan,nan,nan,nan,nan,nan,nan,200,0.32793540581597225,0.009871070578015426,0.0006979900943285721,0.32656734523108827,0.3293034664008562,0.3280859375,0.3212518988715278,0.3345244683159722,200,0.43231226942274303,0.00343655450491871,0.00024300109943451982,0.4318359872678514,0.4327885515776347,0.4325667317708333,0.43044013129340275,0.43472181532118054,200,0.43179611545138885,0.00394478779533307,0.00027893862004219446,0.43124939575610616,0.43234283514667154,0.43233506944444444,0.4291270616319444,0.4347238498263889,200,0.19475701904296877,0.003327991218261356,0.00023532451581618843,0.19429578299196903,0.1952182550939685,0.19487982855902777,0.19282104492187502,0.19727945963541665,200,0.19401514214409724,0.003662726958100433,0.00025899390697075913,0.19350751408643455,0.19452277020175993,0.19429090711805555,0.191640625,0.19678738064236112,200,0.14528974793100055,0.0043864802752275455,0.00031017099481544304,0.1446818127811623,0.1458976830808388,0.14527075305031553,0.14269311524558015,0.1485100455871513,200,0.14440727118204155,0.004649055004773672,0.000328737831998472,0.14376294503132456,0.14505159733275855,0.14443434091634422,0.14156466882813612,0.14758749213791744,200,0.3231258843971359,0.014974573538605887,0.0010588622494524856,0.32105051438820903,0.3252012544060628,0.322586579167096,0.3123846620749263,0.3321502689980903,200,0.3259448034183424,0.015471654820098138,0.0010940112039468928,0.32380054145860654,0.3280890653780783,0.3260888298853406,0.3146167604958296,0.33601903817017925,200,0.0,0.0,0.0,0.0,0.0,0.0,0.0,0.0,0,nan,nan,nan,nan,nan,nan,nan,nan,0,nan,nan,nan,nan,nan,nan,nan,nan,0,nan,nan,nan,nan,nan,nan,nan,nan,0,nan,nan,nan,nan,nan,nan,nan,nan,0,nan,nan,nan,nan,nan,nan,nan,nan,0,0.0,1.734723475976807e-18,0.018845326377266575,nan,nan,nan,nan
N192_M96,all_zero,additive,200,19200,200,0.49723958333333335,0.036076495610850884,0.002550993468787938,0.492239636134509,0.5022395305321578,0.5,0.46875,0.5208333333333334,200,0.0,0.0,0.0,0.0,0.0,0.0,0.0,0.0,200,0.007365517172414757,0.057110910902735054,0.004038351237906469,-0.0005496512538819215,0.015280685598711437,0.012811720941012596,-0.027914833422168935,0.03914804673428125,200,0.495546875,0.0347189843112712,0.002455002924240922,0.4907350692684878,0.5003586807315122,0.4947916666666667,0.46875,0.5169270833333334,200,0.006796875,0.032166545415076624,0.002274518239034573,0.0023388192514922366,0.011254930748507763,0.0,0.0,0.0,200,0.045,0.20782433633689137,0.014695399751940971,0.016197016486195696,0.0738029835138043,0.0,0.0,0.0,200,0.065,0.3625357372784373,0.025635147825204763,0.014755110262598667,0.11524488973740134,0.0,0.0,0.0,200,0.006484375,0.030501654813387402,0.0021567926955957527,0.002257061316632325,0.010711688683367675,0.0,0.0,0.0,0,nan,nan,nan,nan,nan,nan,nan,nan,200,0.006555734592013889,0.03021185101145379,0.002136300472239663,0.0023685856664241497,0.010742883517603628,0.0,0.0,0.0,200,0.008544908311631945,0.018148421973338533,0.001283287224518262,0.006029665351576151,0.011060151271687739,0.002446831597222222,0.0015743001302083333,0.005029975043402777,200,0.0033082573784722225,0.016951261968100314,0.0011986352287313353,0.0009589323301588053,0.005657582426785639,0.0,0.0,0.0,200,0.0012236775716145832,0.0024333766507784486,0.00017206571309464502,0.000886428773949079,0.0015609263692800874,0.0004611545138888889,0.0003122287326388889,0.0007411024305555556,200,0.00045539822048611106,0.0023443333799128578,0.00016576940302983606,0.0001304901905476324,0.0007803062504245897,0.0,0.0,0.0,200,0.0006484662907218922,0.0014013629655159365,9.909132558200086e-05,0.0004542472925811705,0.0008426852888626139,0.00021740813063498318,0.00014359094326640202,0.00035984154043048835,200,0.00026230612939765916,0.001358355391495668,9.605023085878945e-05,7.404767691443186e-05,0.00045056458188088644,0.0,0.0,0.0,200,0.6941145836676657,0.030088480898019136,0.002127576887859123,0.6899445329674617,0.6982846343678696,0.6948687745980305,0.6743647238110104,0.7162218829848901,200,0.6951834384966857,0.03008640618397186,0.0021274301834219383,0.6910136753371787,0.6993532016561927,0.6964559725706929,0.6741497433427349,0.7168182494541976,200,0.955,0.20782433633689137,0.014695399751940971,0.9261970164861957,0.9838029835138042,1.0,1.0,1.0,191,1335.34554973822,2531.8643611230095,183.19927557535308,976.2749696105279,1694.416129865912,444.0,215.0,1077.0,191,0.9999830056559514,0.00011382698236010547,8.236231383284076e-06,0.9999668626424402,0.9999991486694627,1.0,1.0,1.0,191,5.256192085887237e-06,1.752932724631478e-05,1.268377604329391e-06,2.7701719814016305e-06,7.742212190372843e-06,0.0,0.0,0.0,17,1.0,0.0,0.0,1.0,1.0,1.0,1.0,1.0,17,2.7058823529411766,3.73772500798201,0.9065314710248494,0.9290806697324718,4.482684036149881,1.0,1.0,2.0,191,0.955,0.9167032959981803,0.976147456998507,0.9999856403523681,5.275343630022567e-06,1.0,2.7222222222222223
N192_M96,all_zero,gain_only,200,19200,200,0.49723958333333335,0.036076495610850884,0.002550993468787938,0.492239636134509,0.5022395305321578,0.5,0.46875,0.5208333333333334,200,0.0,0.0,0.0,0.0,0.0,0.0,0.0,0.0,200,0.007365517172414757,0.057110910902735054,0.004038351237906469,-0.0005496512538819215,0.015280685598711437,0.012811720941012596,-0.027914833422168935,0.03914804673428125,200,0.495546875,0.0347189843112712,0.002455002924240922,0.4907350692684878,0.5003586807315122,0.4947916666666667,0.46875,0.5169270833333334,200,0.49723958333333335,0.036076495610850884,0.002550993468787938,0.492239636134509,0.5022395305321578,0.5,0.46875,0.5208333333333334,200,1.0,0.0,0.0,1.0,1.0,1.0,1.0,1.0,200,0.0,0.0,0.0,0.0,0.0,0.0,0.0,0.0,200,0.49723958333333335,0.036076495610850884,0.002550993468787938,0.492239636134509,0.5022395305321578,0.5,0.46875,0.5208333333333334,0,nan,nan,nan,nan,nan,nan,nan,nan,200,0.49723958333333335,0.036076495610850884,0.002550993468787938,0.492239636134509,0.5022395305321578,0.5,0.46875,0.5208333333333334,200,0.0,0.0,0.0,0.0,0.0,0.0,0.0,0.0,200,0.0,0.0,0.0,0.0,0.0,0.0,0.0,0.0,200,0.0,0.0,0.0,0.0,0.0,0.0,0.0,0.0,200,0.0,0.0,0.0,0.0,0.0,0.0,0.0,0.0,200,0.0,0.0,0.0,0.0,0.0,0.0,0.0,0.0,200,0.0,0.0,0.0,0.0,0.0,0.0,0.0,0.0,200,0.007365517172414755,0.05711091090273504,0.004038351237906468,-0.0005496512538819224,0.015280685598711432,0.012811720941012574,-0.02791483342216884,0.03914804673428115,200,0.007365517172414754,0.057110910902735054,0.004038351237906469,-0.000549651253881925,0.015280685598711433,0.012811720941012609,-0.02791483342216886,0.03914804673428113,200,0.0,0.0,0.0,0.0,0.0,0.0,0.0,0.0,0,nan,nan,nan,nan,nan,nan,nan,nan,0,nan,nan,nan,nan,nan,nan,nan,nan,0,nan,nan,nan,nan,nan,nan,nan,nan,0,nan,nan,nan,nan,nan,nan,nan,nan,0,nan,nan,nan,nan,nan,nan,nan,nan,0,0.0,1.734723475976807e-18,0.018845326377266575,nan,nan,nan,nan
N192_M96,all_zero,shuffled,200,19200,200,0.49723958333333335,0.036076495610850884,0.002550993468787938,0.492239636134509,0.5022395305321578,0.5,0.46875,0.5208333333333334,200,0.0,0.0,0.0,0.0,0.0,0.0,0.0,0.0,200,0.007365517172414757,0.057110910902735054,0.004038351237906469,-0.0005496512538819215,0.015280685598711437,0.012811720941012596,-0.027914833422168935,0.03914804673428125,200,0.495546875,0.0347189843112712,0.002455002924240922,0.4907350692684878,0.5003586807315122,0.4947916666666667,0.46875,0.5169270833333334,200,0.38692708333333337,0.03669346438471686,0.0025946197491660355,0.38184162862496795,0.3920125380416988,0.3854166666666667,0.3645833333333333,0.4114583333333333,200,1.0,0.0,0.0,1.0,1.0,1.0,1.0,1.0,200,28.15,1.5490311447602292,0.10953304267291186,27.93531523636109,28.364684763638905,28.0,27.0,29.0,200,0.3985677083333334,0.03661666050951013,0.0025891888950680276,0.39349289809900007,0.4036425185676667,0.4010416666666667,0.375,0.421875,0,nan,nan,nan,nan,nan,nan,nan,nan,200,0.39871217990451385,0.004791487580876927,0.0003388093360409201,0.39804811360587367,0.39937624620315404,0.398583984375,0.39563313802083333,0.4017377387152778,200,0.48247382812500006,0.000493691567082934,3.490926548989559e-05,0.4824054059646399,0.48254225028536024,0.48245686848958336,0.48218221028645836,0.4828116861979167,200,0.48255962456597223,0.0008871466864522609,6.273074378975695e-05,0.4824366723081443,0.48268257682380017,0.48253146701388894,0.48198838975694447,0.4831770833333333,200,0.2454466322157118,0.0007543890484145275,5.334336117867791e-05,0.2453420792278016,0.245551185203622,0.24549872504340275,0.2449774169921875,0.24599473741319444,200,0.2453704264322917,0.000993331610378252,7.023915176654154e-05,0.24523275769482927,0.24550809516975414,0.24539876302083335,0.24479871961805555,0.24606255425347223,200,0.20430891505683277,0.002076993559453148,0.00014686562303701056,0.20402105843568022,0.20459677167798532,0.2042948833026744,0.20289359726517392,0.20564829978689675,200,0.2040547785136571,0.002262252283334426,0.00015996539303005233,0.2037412463433182,0.20436831068399602,0.20400037133594728,0.2027015880299134,0.20551262121215216,200,0.1922464856140172,0.0068544366526297265,0.0004846818638288099,0.19129650916091273,0.19319646206712165,0.19216261692960834,0.18682668688569715,0.19679357533779343,200,0.1933027744843449,0.007078235922387248,0.0005005068619558239,0.1923217810349115,0.19428376793377833,0.19320273398178622,0.18800309908888393,0.1979210194915685,200,0.0,0.0,0.0,0.0,0.0,0.0,0.0,0.0,0,nan,nan,nan,nan,nan,nan,nan,nan,0,nan,nan,nan,nan,nan,nan,nan,nan,0,nan,nan,nan,nan,nan,nan,nan,nan,0,nan,nan,nan,nan,nan,nan,nan,nan,0,nan,nan,nan,nan,nan,nan,nan,nan,0,0.0,1.734723475976807e-18,0.018845326377266575,nan,nan,nan,nan
N192_M96,random,pSA,200,19200,200,0.5016666666666667,0.03294767479122799,0.0023297524269206378,0.49710035190990226,0.5062329814234312,0.5,0.4791666666666667,0.5221354166666667,200,0.5007291666666667,0.04427442036409076,0.0031306742872552347,0.49459304506364643,0.5068652882696869,0.5,0.46875,0.53125,200,0.00015155134350399772,0.05898779577876257,0.004171067040241021,-0.008023740055368404,0.0083268427423764,-0.0013215363171248475,-0.03514518372982807,0.042096457158576385,200,0.49908854166666666,0.03557625781824184,0.0025156213152519734,0.4941579238887728,0.5040191594445605,0.49739583333333337,0.4739583333333333,0.5208333333333334,200,0.2830989583333333,0.04036687547525534,0.002854369138386599,0.2775043948220956,0.28869352184457103,0.28125,0.2604166666666667,0.3125,200,1.0,0.0,0.0,1.0,1.0,1.0,1.0,1.0,200,20.815,1.9672634872178925,0.13910653521924668,20.542351190970276,21.087648809029726,21.0,20.0,22.0,200,0.32846354166666664,0.03654638170025486,0.0025842194328082155,0.32339847157836255,0.3335286117549707,0.3333333333333333,0.3020833333333333,0.3541666666666667,200,0.3295998345269098,0.009503086005605139,0.0006719696556762375,0.32828277400178435,0.3309168950520352,0.32945068359375,0.3236667887369792,0.33570292154947917,200,0.3281015787760417,0.009769562142236511,0.0006908123639998811,0.3267475865426019,0.3294555710094815,0.3283251953125,0.3220114474826389,0.33406792534722224,200,0.4323090440538194,0.0032687788985595522,0.0002311375725370953,0.4318560144116467,0.4327620736959921,0.43231038411458333,0.43082071940104166,0.43443888346354165,200,0.4317563693576389,0.003509436314926696,0.0002481546216426995,0.4312699862992192,0.4322427524160586,0.4318836805555556,0.4297422960069444,0.4342719184027778,200,0.19476078423394097,0.0032248445722812447,0.00022803094653326995,0.19431384357873577,0.19520772488914617,0.1947719997829861,0.19309780544704863,0.19697808159722222,200,0.19402008463541665,0.0034002868387091726,0.00024043658816306243,0.19354882892261704,0.19449134034821625,0.19413682725694445,0.19183458116319446,0.19652479383680554,200,0.14531000695889404,0.004282207352539323,0.0003027977857427448,0.14471652329883825,0.14590349061894983,0.1451568144777155,0.1428951310472536,0.14834537367125578,200,0.14444385600574783,0.004455861730626635,0.0003150770045755719,0.1438263050767797,0.14506140693471595,0.1444225575471485,0.14144595843168264,0.14769840272640633,200,0.3230034441343502,0.014810989890022126,0.0010472951387320041,0.3209507456624355,0.325056142606265,0.3225787606784588,0.3125848649240882,0.3318242294671934,200,0.3257926179425693,0.015191106759582882,0.0010741734603429856,0.3236872379602971,0.32789799792484153,0.32568700371261877,0.31459823696413797,0.33555365645011687,200,0.0,0.0,0.0,0.0,0.0,0.0,0.0,0.0,0,nan,nan,nan,nan,nan,nan,nan,nan,0,nan,nan,nan,nan,nan,nan,nan,nan,0,nan,nan,nan,nan,nan,nan,nan,nan,0,nan,nan,nan,nan,nan,nan,nan,nan,0,nan,nan,nan,nan,nan,nan,nan,nan,0,0.0,1.734723475976807e-18,0.018845326377266575,nan,nan,nan,nan
N192_M96,random,additive,200,19200,200,0.5016666666666667,0.03294767479122799,0.0023297524269206378,0.49710035190990226,0.5062329814234312,0.5,0.4791666666666667,0.5221354166666667,200,0.5007291666666667,0.04427442036409076,0.0031306742872552347,0.49459304506364643,0.5068652882696869,0.5,0.46875,0.53125,200,0.00015155134350399772,0.05898779577876257,0.004171067040241021,-0.008023740055368404,0.0083268427423764,-0.0013215363171248475,-0.03514518372982807,0.042096457158576385,200,0.49908854166666666,0.03557625781824184,0.0025156213152519734,0.4941579238887728,0.5040191594445605,0.49739583333333337,0.4739583333333333,0.5208333333333334,200,0.005833333333333334,0.02981032568036081,0.002107908343796261,0.0017018329794926627,0.009964833687174005,0.0,0.0,0.0,200,0.04,0.19645092217681392,0.013891177924157583,0.012773291268651139,0.06722670873134887,0.0,0.0,0.0,200,0.05,0.2965462838958909,0.02096898882784555,0.008900781897422723,0.09109921810257729,0.0,0.0,0.0,200,0.005546875,0.028345427368066303,0.002004324390759043,0.0016183991941122753,0.009475350805887725,0.0,0.0,0.0,200,0.012741501193576388,0.030830660964878135,0.0021800569436728713,0.00846858958397756,0.017014412803175217,0.002321506076388889,0.0012474907769097223,0.006702880859375,200,0.005680886501736111,0.027889898440399238,0.001972113631381042,0.0018155437842292685,0.009546229219242953,0.0,0.0,0.0,200,0.007921006944444444,0.016548820527788992,0.0011701783215838737,0.005627457434140052,0.010214556454748835,0.0024641927083333334,0.001470675998263889,0.0056922743055555555,200,0.0024870768229166666,0.013616215161009566,0.0009628118074444941,0.0005999656803254581,0.004374187965507875,0.0,0.0,0.0,200,0.0011448689778645832,0.002219013187401696,0.00015690792723541144,0.0008373294404831768,0.0014524085152459896,0.0004424370659722222,0.00031358506944444446,0.0007883707682291666,200,0.00032776692708333334,0.0018080597210909201,0.00012784912895736473,7.718263432689848e-05,0.0005783512198397682,0.0,0.0,0.0,200,0.0005999917832680598,0.0012693470248913384,8.975638889796347e-05,0.0004240692610280514,0.0007759143055080682,0.00020869633231423106,0.00014422651896003498,0.0003839653279823979,200,0.00018641986865213357,0.0010442886306258775,7.384235722315717e-05,4.168884849474553e-05,0.00033115088880952164,0.0,0.0,0.0,200,0.6942876241663407,0.0301220141032972,0.002129948043543827,0.6901129260009948,0.6984623223316866,0.6950779853545188,0.6733847547174393,0.7160813458439345,200,0.6952905467240994,0.029958175760470666,0.0021183629232207264,0.6911385553945868,0.699442538053612,0.6964559725706929,0.6741497433427349,0.7168182494541976,200,0.96,0.19645092217681395,0.013891177924157585,0.932773291268651,0.9872267087313489,1.0,1.0,1.0,192,1430.7239583333333,2670.0482360976016,192.69413348252948,1053.0434567075754,1808.4044599590911,436.5,210.5,1023.5,192,0.9992482054285099,0.009983898747225597,0.0007205258286590833,0.997835974804338,1.0006604360526816,1.0,1.0,1.0,192,6.924076934318834e-06,2.5532988238634106e-05,1.8426847040988688e-06,3.3124149142850515e-06,1.0535738954352617e-05,0.0,0.0,0.0,18,1.0,0.0,0.0,1.0,1.0,1.0,1.0,1.0,18,143.97222222222223,594.7599236919594,140.18625840685937,-130.79284425522212,418.7372886996666,1.0,1.0,4.125,192,0.96,0.923067931799067,0.9795943679338476,0.9992309254715784,5.866690602764326e-06,1.0,131.2
N192_M96,random,gain_only,200,19200,200,0.5016666666666667,0.03294767479122799,0.0023297524269206378,0.49710035190990226,0.5062329814234312,0.5,0.4791666666666667,0.5221354166666667,200,0.5007291666666667,0.04427442036409076,0.0031306742872552347,0.49459304506364643,0.5068652882696869,0.5,0.46875,0.53125,200,0.00015155134350399772,0.05898779577876257,0.004171067040241021,-0.008023740055368404,0.0083268427423764,-0.0013215363171248475,-0.03514518372982807,0.042096457158576385,200,0.49908854166666666,0.03557625781824184,0.0025156213152519734,0.4941579238887728,0.5040191594445605,0.49739583333333337,0.4739583333333333,0.5208333333333334,200,0.26783854166666665,0.04306134460724692,0.0030448968778795066,0.2618705437860228,0.2738065395473105,0.26822916666666663,0.24348958333333331,0.296875,200,1.0,0.0,0.0,1.0,1.0,1.0,1.0,1.0,200,20.555,2.0092687236952904,0.14207675397509792,20.276529562208808,20.833470437791192,21.0,19.0,22.0,200,0.3173958333333334,0.03873225490199882,0.002738784009184926,0.3120278166753309,0.32276384999133584,0.3177083333333333,0.2916666666666667,0.33984375,200,0.3206176730685763,0.010492616533168311,0.0007419400302993396,0.3191634706091896,0.322071875527963,0.3206125217013889,0.3135146077473958,0.3276285129123264,200,0.3182033528645833,0.010890545246541643,0.0007700778394648517,0.31669400029923217,0.3197127054299344,0.31842068142361113,0.31091878255208333,0.32501057942708333,200,0.42993809678819445,0.0040270223562629435,0.0002847534816103356,0.4293799799642382,0.4304962136121507,0.43013997395833337,0.4275188530815972,0.4329127332899305,200,0.42938578559027774,0.0044241809780528225,0.0003128368370777683,0.4287726253896053,0.42999894579095016,0.42968098958333334,0.4263807508680556,0.43264648437500003,200,0.19081617024739583,0.0037990502326257438,0.00026863341815579943,0.19028964874781046,0.1913426917469812,0.1908511013454861,0.18857889811197917,0.19368408203125,200,0.18975538736979167,0.004059761673904213,0.00028706850096189184,0.18919273310790635,0.19031804163167698,0.18996907552083334,0.18707438151041667,0.19283745659722223,200,0.14049925572246225,0.004800095926074239,0.00033941803796730147,0.13983399636804633,0.14116451507687816,0.14059047573348238,0.1376109382362298,0.1440694837753357,200,0.1392344297869438,0.005025507642332976,0.0003553570532798466,0.13853792996251532,0.1399309296113723,0.13948192800611808,0.1355937042392933,0.14294937483154202,200,0.33960588017896315,0.016331363719377122,0.0011548018031995518,0.33734246864469203,0.34186929171323427,0.33912268831197834,0.32777186883435516,0.3491229760168537,200,0.34410147056086077,0.016837852213319873,0.00119061594806554,0.3417678633026523,0.34643507781906924,0.3439819030934219,0.33126216240023354,0.35418298870479165,200,0.0,0.0,0.0,0.0,0.0,0.0,0.0,0.0,0,nan,nan,nan,nan,nan,nan,nan,nan,0,nan,nan,nan,nan,nan,nan,nan,nan,0,nan,nan,nan,nan,nan,nan,nan,nan,0,nan,nan,nan,nan,nan,nan,nan,nan,0,nan,nan,nan,nan,nan,nan,nan,nan,0,0.0,1.734723475976807e-18,0.018845326377266575,nan,nan,nan,nan
N192_M96,random,shuffled,200,19200,200,0.5016666666666667,0.03294767479122799,0.0023297524269206378,0.49710035190990226,0.5062329814234312,0.5,0.4791666666666667,0.5221354166666667,200,0.5007291666666667,0.04427442036409076,0.0031306742872552347,0.49459304506364643,0.5068652882696869,0.5,0.46875,0.53125,200,0.00015155134350399772,0.05898779577876257,0.004171067040241021,-0.008023740055368404,0.0083268427423764,-0.0013215363171248475,-0.03514518372982807,0.042096457158576385,200,0.49908854166666666,0.03557625781824184,0.0025156213152519734,0.4941579238887728,0.5040191594445605,0.49739583333333337,0.4739583333333333,0.5208333333333334,200,0.385703125,0.033332014457131895,0.0023569293453246,0.38108354348316376,0.3903227065168362,0.390625,0.3645833333333333,0.40625,200,1.0,0.0,0.0,1.0,1.0,1.0,1.0,1.0,200,28.245,1.5449626363568452,0.10924535568477713,28.03087910285784,28.459120897142164,28.0,27.0,29.0,200,0.395859375,0.034833050678262006,0.002463068634401373,0.39103176047657334,0.4006869895234267,0.3958333333333333,0.3697916666666667,0.421875,200,0.39929400499131945,0.00467700205386774,0.0003307139867913289,0.39864580557720847,0.39994220440543043,0.3991413031684028,0.3960605197482639,0.4024498155381945,200,0.3986556206597222,0.004735311836111217,0.00033483711103471624,0.3979993399220942,0.39931190139735023,0.3983517795138889,0.39542182074652776,0.40204942491319445,200,0.48246092122395834,0.0004686171492453453,3.3136236401169205e-05,0.48239597420061203,0.48252586824730465,0.4824348958333333,0.4821359592013889,0.4827768283420139,200,0.4825286241319445,0.0009321036867453062,6.590968376665874e-05,0.4823994411517618,0.48265780711212714,0.48255316840277773,0.4818527560763889,0.4831201171875,200,0.24543172064887153,0.0007595346420754954,5.3707209595768e-05,0.2453264545180638,0.24553698677967925,0.24548841688368056,0.2449514431423611,0.24602274576822916,200,0.24532221137152782,0.0008813594611393141,6.232152516345304e-05,0.24520006118220744,0.2454443615608482,0.2453835720486111,0.24477620442708334,0.24596761067708334,200,0.2042991303965072,0.00208490048419913,0.0001474247270476321,0.20401017793149384,0.20458808286152058,0.2043275587234742,0.202848025668316,0.2058336366628394,200,0.20399389450373498,0.0021204476957739703,0.00014993829448331635,0.20370001544654767,0.2042877735609223,0.20413585499284598,0.20245529538100898,0.20548891496894736,200,0.19221623629818418,0.0070051615607141906,0.0004953397242888342,0.19124537043857806,0.1931871021577903,0.19239824102625386,0.18662185842994392,0.1970322640725372,200,0.19341198425463252,0.007111822363299061,0.0005028817819682904,0.19242633596197467,0.19439763254729037,0.19330236299391135,0.18826238789626398,0.19843551140450455,200,0.0,0.0,0.0,0.0,0.0,0.0,0.0,0.0,0,nan,nan,nan,nan,nan,nan,nan,nan,0,nan,nan,nan,nan,nan,nan,nan,nan,0,nan,nan,nan,nan,nan,nan,nan,nan,0,nan,nan,nan,nan,nan,nan,nan,nan,0,nan,nan,nan,nan,nan,nan,nan,nan,0,0.0,1.734723475976807e-18,0.018845326377266575,nan,nan,nan,nan
N192_M96,channel_hard,pSA,200,19200,200,0.09236979166666667,0.019407032757783542,0.0013722844465738205,0.08968011415138198,0.09505946918195136,0.09114583333333334,0.078125,0.10416666666666667,200,0.35640625,0.06013349769049942,0.004252080399341773,0.3480721724172901,0.36474032758270986,0.3645833333333333,0.3229166666666667,0.3958333333333333,200,0.769072754318318,0.018849941397173928,0.0013328921386910708,0.7664602857264835,0.7716852229101525,0.7696793682786787,0.7562605865226693,0.7820496330440382,200,0.0,0.0,0.0,0.0,0.0,0.0,0.0,0.0,200,0.28359375,0.047298391490891406,0.003344501336242541,0.27703852738096457,0.2901489726190354,0.2864583333333333,0.2604166666666667,0.3138020833333333,200,1.0,0.0,0.0,1.0,1.0,1.0,1.0,1.0,200,20.56,2.2205979546919132,0.15701998720516297,20.25224082507788,20.867759174922117,21.0,19.0,22.0,200,0.328984375,0.037012263791211655,0.0026171622713831075,0.3238547369480891,0.3341140130519109,0.328125,0.3020833333333333,0.3489583333333333,200,0.32948984375,0.009543957863499299,0.0006748597324639028,0.32816711867437076,0.33081256882562926,0.32935126410590276,0.32308519151475695,0.33561353895399304,200,0.32798056640625006,0.009810179114993703,0.0006936844176866691,0.3266209449475842,0.3293401878649159,0.3275509982638889,0.32147759331597225,0.33452799479166667,200,0.43217338324652776,0.0033244292741764834,0.00023507264833452635,0.4317126408557921,0.43263412563726344,0.4322490776909722,0.43036810980902773,0.4344662814670139,200,0.43168797743055554,0.00372023823197398,0.0002630605681458253,0.4311723787169897,0.43220357614412136,0.4319596354166667,0.42981174045138887,0.43435492621527777,200,0.19467801920572916,0.003257009965259267,0.0002303053832826989,0.19422662065449509,0.19512941775696324,0.19465643988715278,0.1928908962673611,0.19695793999565972,200,0.19396516927083332,0.0035328581214938196,0.00024981079346782475,0.1934755401156364,0.19445479842603025,0.1941552734375,0.19179606119791667,0.19664713541666667,200,0.14523688757015854,0.00432913539468216,0.00030611609942544557,0.14463690001528468,0.1458368751250324,0.1452750743027756,0.14284244031888405,0.14856166558158757,200,0.14437793767394183,0.004533970299114745,0.00032060011442024356,0.14374956144967815,0.1450063138982055,0.14452273151567252,0.1417782846717311,0.14783989126408678,200,0.3231969071177279,0.014871006020776635,0.0010515389200357135,0.3211358908344579,0.3252579234009979,0.3229755694762585,0.31244191496319756,0.3320630682398425,200,0.3260385736908236,0.015197050380209128,0.0010745937377879475,0.3239323699647592,0.328144777416888,0.32620289126846314,0.3141230909735858,0.33508040609790635,200,0.0,0.0,0.0,0.0,0.0,0.0,0.0,0.0,0,nan,nan,nan,nan,nan,nan,nan,nan,0,nan,nan,nan,nan,nan,nan,nan,nan,0,nan,nan,nan,nan,nan,nan,nan,nan,0,nan,nan,nan,nan,nan,nan,nan,nan,0,nan,nan,nan,nan,nan,nan,nan,nan,0,0.0,1.734723475976807e-18,0.018845326377266575,nan,nan,nan,nan
N192_M96,channel_hard,additive,200,19200,200,0.09236979166666667,0.019407032757783542,0.0013722844465738205,0.08968011415138198,0.09505946918195136,0.09114583333333334,0.078125,0.10416666666666667,200,0.35640625,0.06013349769049942,0.004252080399341773,0.3480721724172901,0.36474032758270986,0.3645833333333333,0.3229166666666667,0.3958333333333333,200,0.769072754318318,0.018849941397173928,0.0013328921386910708,0.7664602857264835,0.7716852229101525,0.7696793682786787,0.7562605865226693,0.7820496330440382,200,0.0,0.0,0.0,0.0,0.0,0.0,0.0,0.0,200,0.005911458333333334,0.030435350534244038,0.002152104275055357,0.0016933339542248337,0.010129582712441833,0.0,0.0,0.0,200,0.04,0.19645092217681395,0.013891177924157585,0.012773291268651135,0.06722670873134887,0.0,0.0,0.0,200,0.065,0.3483990665138738,0.02463553424910232,0.016714352871759458,0.11328564712824055,0.0,0.0,0.0,200,0.005833333333333333,0.02986971231610731,0.0021121076130810813,0.0016936024116944136,0.009973064254972252,0.0,0.0,0.0,200,0.012465831163194446,0.02999908615258141,0.002121255724788977,0.008308169942608051,0.01662349238378084,0.0026207139756944447,0.0010657416449652778,0.005882839626736111,200,0.005819140625000001,0.028776140737949325,0.002034780425218243,0.0018309709915722448,0.009807310258427758,0.0,0.0,0.0,200,0.008403309461805557,0.017340090774073683,0.001226129577273779,0.00600009549034895,0.010806523433262164,0.002434895833333333,0.0013058810763888888,0.005211859809027778,200,0.003147504340277778,0.01623590109008134,0.0011480515759470574,0.0008973232514215457,0.005397685429134011,0.0,0.0,0.0,200,0.0011703572591145834,0.0023265955383287057,0.00016451514822305938,0.000847907568597387,0.0014928069496317798,0.0003998480902777778,0.00025349934895833333,0.0007356770833333334,200,0.0004272352430555556,0.0022315980423109455,0.00015779781086006935,0.00011795153376981967,0.0007365189523412916,0.0,0.0,0.0,200,0.0006287169516089658,0.001339391560045312,9.47092854772069e-05,0.0004430867520736402,0.0008143471511442913,0.00019770473046426686,0.0001247854419554614,0.00036762737338917996,200,0.0002470334079219751,0.0013041424239856533,9.22167951633317e-05,6.628848940184494e-05,0.0004277783264421052,0.0,0.0,0.0,200,0.6945547497501938,0.03011841225595177,0.002129693354475552,0.6903805507754217,0.6987289487249659,0.6948229095025062,0.6754301286770453,0.7162172251226862,200,0.6950717411000071,0.030560527855784298,0.0021609556483465457,0.6908362680292479,0.6993072141707664,0.6964559725706929,0.6750402662271969,0.7168182494541976,200,0.96,0.19645092217681395,0.013891177924157585,0.932773291268651,0.9872267087313489,1.0,1.0,1.0,192,1398.5104166666667,2451.6172202559114,176.93023275808406,1051.727160460822,1745.2936728725115,500.5,219.75,1127.0,192,0.9999854199931629,7.559152710904119e-05,5.4553485656074785e-06,0.9999747275099743,0.9999961124763516,1.0,1.0,1.0,192,4.9348385554892555e-06,2.2453540505067644e-05,1.6204447068576214e-06,1.7587669300483174e-06,8.110910180930193e-06,0.0,0.0,0.0,13,1.0,0.0,0.0,1.0,1.0,1.0,1.0,1.0,13,3.423076923076923,3.8070447519814823,1.0558842354811786,1.3535438215338127,5.492610024620033,3.0,1.0,3.0,192,0.96,0.923067931799067,0.9795943679338476,0.999985664458213,4.0961578916724235e-06,1.0,3.5
N192_M96,channel_hard,gain_only,200,19200,200,0.09236979166666667,0.019407032757783542,0.0013722844465738205,0.08968011415138198,0.09505946918195136,0.09114583333333334,0.078125,0.10416666666666667,200,0.35640625,0.06013349769049942,0.004252080399341773,0.3480721724172901,0.36474032758270986,0.3645833333333333,0.3229166666666667,0.3958333333333333,200,0.769072754318318,0.018849941397173928,0.0013328921386910708,0.7664602857264835,0.7716852229101525,0.7696793682786787,0.7562605865226693,0.7820496330440382,200,0.0,0.0,0.0,0.0,0.0,0.0,0.0,0.0,200,0.26875,0.044663603399109714,0.0031581936835737012,0.26255994038019553,0.27494005961980444,0.2708333333333333,0.24479166666666666,0.296875,200,1.0,0.0,0.0,1.0,1.0,1.0,1.0,1.0,200,20.49,2.1802908846547386,0.15416984694985825,20.187827099978275,20.792172900021722,21.0,19.0,22.0,200,0.31510416666666663,0.03948637622944286,0.002792108439632234,0.30963163412498745,0.3205766992083458,0.3125,0.2916666666666667,0.34375,200,0.3204729885525174,0.010505896090497463,0.0007428790368031994,0.31901694564038313,0.3219290314646516,0.3206099446614583,0.3139667426215278,0.32733262803819446,200,0.3180727484809028,0.010986845449803736,0.0007768872921404786,0.31655004938830744,0.3195954475734981,0.31789442274305557,0.31057779947916664,0.3255479600694444,200,0.4298650309244792,0.004058703344017928,0.00028699366573795937,0.4293025233396328,0.4304275385093256,0.4300349934895833,0.42791883680555554,0.43271809895833335,200,0.42938859592013884,0.004521838497387627,0.00031974226649331795,0.4287619010778119,0.43001529076246575,0.4294476996527778,0.4261159939236111,0.4328889973958333,200,0.1907460489908854,0.003835496884876405,0.0002712105856515985,0.19021447624300827,0.19127762173876253,0.19077284071180556,0.18891845703125,0.19340488009982637,200,0.1897695529513889,0.004187276752214433,0.00029608517861956084,0.18918922600129456,0.19034987990148322,0.18976833767361112,0.18688069661458334,0.19280870225694444,200,0.14042946476119794,0.004827050529989125,0.00034132401628854283,0.1397604696892724,0.1410984598331235,0.1405141355374181,0.1377198518256046,0.1435928498255373,200,0.13922038164260514,0.005128357687891706,0.00036262964974583895,0.13850962752910329,0.139931135756107,0.13952626771528714,0.13565228179554958,0.14290791006476988,200,0.3398231766229581,0.016392522347529907,0.0011591263712690421,0.33755128893527075,0.3420950643106454,0.33904545736644176,0.3282859239071313,0.34980857931784876,200,0.34430665140136496,0.017252024205631926,0.0012199023304996794,0.3419156428335856,0.3466976599691443,0.3443861343072088,0.3322587257665419,0.3544303684691376,200,0.0,0.0,0.0,0.0,0.0,0.0,0.0,0.0,0,nan,nan,nan,nan,nan,nan,nan,nan,0,nan,nan,nan,nan,nan,nan,nan,nan,0,nan,nan,nan,nan,nan,nan,nan,nan,0,nan,nan,nan,nan,nan,nan,nan,nan,0,nan,nan,nan,nan,nan,nan,nan,nan,0,0.0,1.734723475976807e-18,0.018845326377266575,nan,nan,nan,nan
N192_M96,channel_hard,shuffled,200,19200,200,0.09236979166666667,0.019407032757783542,0.0013722844465738205,0.08968011415138198,0.09505946918195136,0.09114583333333334,0.078125,0.10416666666666667,200,0.35640625,0.06013349769049942,0.004252080399341773,0.3480721724172901,0.36474032758270986,0.3645833333333333,0.3229166666666667,0.3958333333333333,200,0.769072754318318,0.018849941397173928,0.0013328921386910708,0.7664602857264835,0.7716852229101525,0.7696793682786787,0.7562605865226693,0.7820496330440382,200,0.0,0.0,0.0,0.0,0.0,0.0,0.0,0.0,200,0.38856770833333326,0.0384505829742063,0.0027188667961637286,0.38323872941285236,0.39389668725381416,0.3854166666666667,0.359375,0.4166666666666667,200,1.0,0.0,0.0,1.0,1.0,1.0,1.0,1.0,200,28.285,1.4436744715826686,0.10208320086820107,28.084916926298327,28.485083073701674,29.0,27.0,29.0,200,0.39932291666666664,0.03908773961252392,0.0027639205741269695,0.39390563234137776,0.4047402009919555,0.4010416666666667,0.3697916666666667,0.4270833333333333,200,0.3992264973958333,0.0046936798897389675,0.00033189328787533505,0.39857598655159765,0.399877008240069,0.398858642578125,0.3959415011935764,0.4024702962239583,200,0.3986591525607639,0.004858349084352448,0.000343537158291707,0.39798581973051217,0.3993324853910156,0.39843424479166667,0.3955512152777778,0.4018598090277778,200,0.48242687717013893,0.00044337616581256804,3.135142934625579e-05,0.4823654283686203,0.4824883259716576,0.48242540147569446,0.48213039822048614,0.4827265082465278,200,0.4825393988715278,0.0008437009367912604,5.965866536985429e-05,0.4824224678874029,0.4826563298556527,0.48257378472222223,0.4819417317708333,0.4831190321180555,200,0.24538354627821182,0.000747198362927306,5.28349029317385e-05,0.2452799898684656,0.24548710268795804,0.24545830620659723,0.24490614149305556,0.2459063720703125,200,0.24529646267361113,0.000916424963599175,6.480103062096116e-05,0.24516945265359405,0.24542347269362821,0.24535373263888888,0.2446731228298611,0.24597683376736112,200,0.2042467797584063,0.0020883857266492537,0.00014767117090468829,0.20395734426343312,0.20453621525337948,0.20425976495228115,0.20282244719654735,0.20575222999374979,200,0.2039750469768608,0.0022100405761930715,0.00015627346781235454,0.2036687509799486,0.204281342973773,0.20389738944477082,0.2025435672676359,0.20553788100521067,200,0.1923782607163681,0.007029268639582205,0.0004970443521830515,0.19140405378608932,0.19335246764664688,0.19241394974649983,0.18687833543610205,0.19672987106218345,200,0.19338410829446687,0.0073907847010236845,0.0005226073980383637,0.19235979779431167,0.19440841879462206,0.19359164791979133,0.18747170638764105,0.19850341528445367,200,0.0,0.0,0.0,0.0,0.0,0.0,0.0,0.0,0,nan,nan,nan,nan,nan,nan,nan,nan,0,nan,nan,nan,nan,nan,nan,nan,nan,0,nan,nan,nan,nan,nan,nan,nan,nan,0,nan,nan,nan,nan,nan,nan,nan,nan,0,nan,nan,nan,nan,nan,nan,nan,nan,0,0.0,1.734723475976807e-18,0.018845326377266575,nan,nan,nan,nan
N288_M144,all_zero,pSA,200,25600,200,0.49690972222222224,0.03085057487340961,0.002181465069649125,0.49263405068571,0.5011853937587345,0.4930555555555556,0.4791666666666667,0.5208333333333334,200,0.0,0.0,0.0,0.0,0.0,0.0,0.0,0.0,200,0.006546799277319366,0.054599154395877314,0.003860743232037614,-0.001020257457474358,0.01411385601211309,0.005516660518048068,-0.03230619528914744,0.04035367162579312,200,0.49571180555555555,0.032030238665207475,0.0022648798963191756,0.49127264095877,0.5001509701523411,0.4965277777777778,0.47482638888888884,0.5173611111111112,200,0.32454861111111116,0.032245019606049294,0.002280067202293063,0.32007967939461673,0.3290175428276056,0.3246527777777778,0.3046875,0.34375,200,1.0,0.0,0.0,1.0,1.0,1.0,1.0,1.0,200,47.46,2.685976984601515,0.18992725399227262,47.087742582175146,47.832257417824856,48.0,46.0,49.25,200,0.3439062499999999,0.033142632592294274,0.0023435380252385565,0.33931291547053233,0.3484995845294675,0.34375,0.3220486111111111,0.3680555555555556,0,nan,nan,nan,nan,nan,nan,nan,nan,200,0.3407172254774305,0.006932336938697951,0.0004901902458823313,0.33975645259550113,0.34167799835935986,0.34096462673611116,0.33599107530381944,0.3446756998697917,200,0.45335377332899296,0.0016469699208562579,0.00011645835994477314,0.45312551494350123,0.4535820317144847,0.4535047743055556,0.45219367133246524,0.45444071451822915,200,0.45219310980902777,0.0019505377952879076,0.00013792385020087373,0.45192277906263406,0.4524634405554215,0.45220974392361113,0.4512060546875,0.45355305989583333,200,0.23213739624023436,0.0021234357716869777,0.00015014958335739513,0.23184310305685385,0.23243168942361486,0.23234931098090278,0.2306456502278646,0.2337022908528646,200,0.23089052463107637,0.0023425771879004875,0.00016564522150173478,0.23056585999693296,0.23121518926521978,0.23100992838541667,0.22947102864583335,0.23237982855902778,200,0.17643108758094592,0.0032964243540406345,0.00023309240144106172,0.17597422647412145,0.17688794868777039,0.1766129102682958,0.17405965884099278,0.1785359485635601,200,0.1751419202112816,0.003450578266771123,0.00024399272914487849,0.17466369446215765,0.17562014596040557,0.17541303770481126,0.1729473985018179,0.17731356174603563,200,0.31266660355142895,0.010492366553025736,0.0007419223540339418,0.31121243573752244,0.31412077136533545,0.31200353187687996,0.30483315050782706,0.3200858771547859,200,0.31518444833305886,0.010756932692541075,0.0007606300051663062,0.3136936135229329,0.3166752831431848,0.3146454758715407,0.3078693084150942,0.322697903329729,200,0.0,0.0,0.0,0.0,0.0,0.0,0.0,0.0,0,nan,nan,nan,nan,nan,nan,nan,nan,0,nan,nan,nan,nan,nan,nan,nan,nan,0,nan,nan,nan,nan,nan,nan,nan,nan,0,nan,nan,nan,nan,nan,nan,nan,nan,0,nan,nan,nan,nan,nan,nan,nan,nan,0,0.0,1.734723475976807e-18,0.018845326377266575,nan,nan,nan,nan
N288_M144,all_zero,additive,200,25600,200,0.49690972222222224,0.03085057487340961,0.002181465069649125,0.49263405068571,0.5011853937587345,0.4930555555555556,0.4791666666666667,0.5208333333333334,200,0.0,0.0,0.0,0.0,0.0,0.0,0.0,0.0,200,0.006546799277319366,0.054599154395877314,0.003860743232037614,-0.001020257457474358,0.01411385601211309,0.005516660518048068,-0.03230619528914744,0.04035367162579312,200,0.49571180555555555,0.032030238665207475,0.0022648798963191756,0.49127264095877,0.5001509701523411,0.4965277777777778,0.47482638888888884,0.5173611111111112,200,0.00595486111111111,0.027817831039151503,0.001967017696568565,0.0020995064258367228,0.009810215796385498,0.0,0.0,0.0,200,0.05,0.21849186132974535,0.015449707678033373,0.019718572951054593,0.08028142704894542,0.0,0.0,0.0,200,0.235,1.0561021535788901,0.07467769944213498,0.08863170909341542,0.38136829090658453,0.0,0.0,0.0,200,0.005885416666666666,0.02690517119438266,0.001902482900053294,0.00215655018256221,0.009614283150771123,0.0,0.0,0.0,0,nan,nan,nan,nan,nan,nan,nan,nan,200,0.006094411892361111,0.02747660586465556,0.0019428894330888007,0.002286348603507062,0.00990247518121516,0.0,0.0,0.0,200,0.00653624267578125,0.01286685091902108,0.0009098237537356167,0.0047529881184594416,0.008319497233103058,0.002364908854166667,0.0015878634982638888,0.004676717122395833,200,0.0025484483506944444,0.011559417180108646,0.0008173742274619103,0.0009463948648691003,0.004150501836519788,0.0,0.0,0.0,200,0.0010620354546440973,0.0016051452322499203,0.00011350090785131745,0.0008395736752555152,0.0012844972340326794,0.0005601671006944444,0.0004143608940972222,0.0008498128255208333,200,0.00028960503472222224,0.001355952457669889,9.588031777849435e-05,0.0001016796118763733,0.0004775304575680712,0.0,0.0,0.0,200,0.0005509775291452537,0.0009195692310993554,6.502336390808536e-05,0.00042353173588540637,0.0006784233224051009,0.0002716246880544749,0.0001973307081880364,0.00041630714786015184,200,0.0001652398319106193,0.000774407055421364,5.47588480287153e-05,5.791248977433732e-05,0.0002725671740469013,0.0,0.0,0.0,200,0.7260174864013113,0.025418921880448617,0.0017973892032116326,0.7224946035630164,0.7295403692396061,0.7261294108340549,0.7086672081645291,0.7450497848711117,200,0.7266805998641541,0.025649494661056278,0.001813693160884104,0.7231257612688212,0.730235438459487,0.7266909709921404,0.710053250166181,0.7458849175198321,200,0.95,0.21849186132974538,0.015449707678033374,0.9197185729510545,0.9802814270489454,1.0,1.0,1.0,190,1261.4526315789474,2193.7972456193893,159.15477992536267,949.5092629252365,1573.3960002326583,425.0,255.0,1276.0,190,0.9999828559785023,0.00011655013537268198,8.455435515998756e-06,0.999966283324891,0.9999994286321137,1.0,1.0,1.0,190,3.423067840594347e-06,1.2727634880581684e-05,9.233596825933786e-07,1.6132828627113249e-06,5.232852818477369e-06,0.0,0.0,0.0,14,1.0,0.0,0.0,1.0,1.0,1.0,1.0,1.0,14,4.428571428571429,5.5845154836219395,1.492524543631963,1.5032233230527816,7.3539195340900765,2.0,1.0,4.75,190,0.95,0.9104218518612239,0.972617354399236,0.9999824846459542,3.4600257815171044e-06,1.0,5.0625
N288_M144,all_zero,gain_only,200,25600,200,0.49690972222222224,0.03085057487340961,0.002181465069649125,0.49263405068571,0.5011853937587345,0.4930555555555556,0.4791666666666667,0.5208333333333334,200,0.0,0.0,0.0,0.0,0.0,0.0,0.0,0.0,200,0.006546799277319366,0.054599154395877314,0.003860743232037614,-0.001020257457474358,0.01411385601211309,0.005516660518048068,-0.03230619528914744,0.04035367162579312,200,0.49571180555555555,0.032030238665207475,0.0022648798963191756,0.49127264095877,0.5001509701523411,0.4965277777777778,0.47482638888888884,0.5173611111111112,200,0.3225173611111111,0.03426587592778057,0.002422963323183052,0.31776835299767237,0.3272663692245499,0.3229166666666667,0.3055555555555556,0.3472222222222222,200,1.0,0.0,0.0,1.0,1.0,1.0,1.0,1.0,200,46.805,2.8946276697934175,0.204681085432114,46.403825072553055,47.206174927446945,47.0,45.0,49.0,200,0.3404513888888889,0.029129315738762627,0.002059753669020308,0.33641427169760907,0.3444885060801687,0.3368055555555556,0.3194444444444444,0.3585069444444444,0,nan,nan,nan,nan,nan,nan,nan,nan,200,0.3406672417534722,0.0070754162947887864,0.0005003074841762947,0.33968663908448665,0.3416478444224577,0.34099500868055554,0.33562282986111114,0.3455276150173611,200,0.45103958740234373,0.0018466254269505931,0.0001305761361708268,0.4507836581754489,0.45129551662923856,0.45124131944444446,0.44976630316840277,0.4522765435112847,200,0.45108203125,0.0020938041187181598,0.00014805430908219338,0.4507918448041989,0.4513722176958011,0.4512120225694445,0.4496299913194445,0.4526348198784722,200,0.22999923095703123,0.002291695530373636,0.00016204734499420995,0.2296816181608426,0.23031684375321987,0.23019368489583333,0.22851287841796875,0.23150804307725695,200,0.23011591254340277,0.0024522880631804825,0.00017340295188977438,0.2297760427576988,0.23045578232910674,0.23021891276041667,0.2284243435329861,0.23203938802083335,200,0.1743732635940912,0.003455348628834553,0.00024433004468125513,0.17389437670651595,0.17485215048166644,0.1746248423089262,0.17197536696947854,0.1766261827342875,200,0.174543545225388,0.003581635376047634,0.0002532598662140912,0.17404715588760838,0.17503993456316763,0.17461949953036063,0.17205508265446806,0.17720446829511108,200,0.3157581325701104,0.01089309578696273,0.0007702581899075957,0.3142484265178915,0.31726783862232927,0.31526897941171195,0.30853883880662536,0.32336135469561794,200,0.3152702631033316,0.011054474187526765,0.0007816693660451826,0.3137381911458831,0.31680233506078015,0.31417107015251644,0.3073011311687289,0.3227662875359719,200,0.0,0.0,0.0,0.0,0.0,0.0,0.0,0.0,0,nan,nan,nan,nan,nan,nan,nan,nan,0,nan,nan,nan,nan,nan,nan,nan,nan,0,nan,nan,nan,nan,nan,nan,nan,nan,0,nan,nan,nan,nan,nan,nan,nan,nan,0,nan,nan,nan,nan,nan,nan,nan,nan,0,0.0,1.734723475976807e-18,0.018845326377266575,nan,nan,nan,nan
N288_M144,all_zero,shuffled,200,25600,200,0.49690972222222224,0.03085057487340961,0.002181465069649125,0.49263405068571,0.5011853937587345,0.4930555555555556,0.4791666666666667,0.5208333333333334,200,0.0,0.0,0.0,0.0,0.0,0.0,0.0,0.0,200,0.006546799277319366,0.054599154395877314,0.003860743232037614,-0.001020257457474358,0.01411385601211309,0.005516660518048068,-0.03230619528914744,0.04035367162579312,200,0.49571180555555555,0.032030238665207475,0.0022648798963191756,0.49127264095877,0.5001509701523411,0.4965277777777778,0.47482638888888884,0.5173611111111112,200,0.39609375,0.027211337748881827,0.0019241321447391823,0.39232245099631124,0.3998650490036888,0.3958333333333333,0.3784722222222222,0.4166666666666667,200,1.0,0.0,0.0,1.0,1.0,1.0,1.0,1.0,200,53.595,2.494410837680048,0.1763814818388778,53.2492922955958,53.9407077044042,54.0,52.0,56.0,200,0.4029513888888889,0.030014364794794336,0.002122336087940585,0.3987916101565253,0.40711116762125243,0.4027777777777778,0.3845486111111111,0.4210069444444444,0,nan,nan,nan,nan,nan,nan,nan,nan,200,0.400502671983507,0.003728259024703402,0.00026362772383877196,0.399985961644783,0.40101938232223094,0.40041666666666664,0.39773790147569443,0.40274264865451387,200,0.48703554958767364,0.0003035891033152403,2.1466991364854978e-05,0.48699347428459855,0.48707762489074874,0.48703640407986104,0.4867894829644097,0.48725016276041666,200,0.4869845648871528,0.00060002177867183,4.2427946855846474e-05,0.4869014061113153,0.4870677236629903,0.4869791666666667,0.48653862847222223,0.4873220486111111,200,0.2744720472547743,0.0005688797188448563,4.0225870687469445e-05,0.27439320454822685,0.27455088996132176,0.27442226833767364,0.2740862698025174,0.2748609076605903,200,0.2744033094618056,0.0006836519492904408,4.834149293146724e-05,0.2743085601356599,0.27449805878795125,0.27444525824652777,0.2739755588107639,0.2748238118489583,200,0.22896931421143354,0.0017821921383557686,0.00012602001464087176,0.22872231498273743,0.22921631344012966,0.22877598499592428,0.22773248942913715,0.23001147037702663,200,0.22887231887974402,0.0018295343152127342,0.00012936761207004108,0.22861875836008674,0.2291258793994013,0.22882517929672513,0.22747267626687362,0.23002248088118457,200,0.1977574937489945,0.005452446967283683,0.0003855462224626318,0.19700182315296774,0.19851316434502128,0.19754519635967877,0.1941864931943052,0.20171272924558067,200,0.19795263260341867,0.005450257625742801,0.0003853914126376427,0.19719726543464888,0.19870799977218845,0.1977406915329937,0.19440470000731275,0.20185395631668201,200,0.0,0.0,0.0,0.0,0.0,0.0,0.0,0.0,0,nan,nan,nan,nan,nan,nan,nan,nan,0,nan,nan,nan,nan,nan,nan,nan,nan,0,nan,nan,nan,nan,nan,nan,nan,nan,0,nan,nan,nan,nan,nan,nan,nan,nan,0,nan,nan,nan,nan,nan,nan,nan,nan,0,0.0,1.734723475976807e-18,0.018845326377266575,nan,nan,nan,nan
N288_M144,random,pSA,200,25600,200,0.49960069444444444,0.03174944713580598,0.0022450249368652217,0.4952004455681886,0.5040009433207002,0.4982638888888889,0.4791666666666667,0.5208333333333334,200,0.4971180555555555,0.046070953478691536,0.0032577083620512746,0.490732947165935,0.503503163945176,0.5,0.4722222222222222,0.5277777777777778,200,0.001464753175421985,0.05053675770683208,0.003573488407368248,-0.005539284103019781,0.00846879045386375,0.0022835627179557086,-0.0277532041355959,0.030464743879349897,200,0.4996527777777778,0.02962274036439649,0.0020946440588993217,0.4955472754223351,0.5037582801332204,0.5,0.4791666666666667,0.5182291666666667,200,0.3236631944444444,0.03265569716267272,0.002309106490810018,0.3191373457224568,0.32818904316643205,0.3211805555555556,0.3055555555555556,0.34375,200,1.0,0.0,0.0,1.0,1.0,1.0,1.0,1.0,200,47.445,2.6593865238842374,0.18804702448346647,47.076427832012406,47.813572167987594,48.0,46.0,50.0,200,0.34293402777777776,0.03208882097527221,0.00226902229118961,0.3384867440870461,0.3473813114685094,0.3402777777777778,0.3194444444444444,0.3645833333333333,200,0.342059319390191,0.006722684340324569,0.00047536556848201146,0.3411276028759663,0.34299103590441576,0.34233934190538196,0.33720231797960065,0.3463033718532986,200,0.34088633355034714,0.006916356168705283,0.0004890602347992914,0.3399277754901405,0.34184489161055376,0.3410891384548611,0.336134033203125,0.34536458333333336,200,0.45340382758246534,0.0016649926629894053,0.00011773276026256563,0.4531730713723507,0.45363458379258,0.45348388671875,0.4522442626953125,0.454593980577257,200,0.45234917534722213,0.002023123735729384,0.0001430564512713708,0.45206878470273026,0.452629565991714,0.452568359375,0.45084065755208336,0.45398844401041666,200,0.23219146999782986,0.0021345527867487756,0.00015093567503107018,0.23189563607476896,0.23248730392089076,0.23225816514756945,0.23058658175998265,0.23376295301649305,200,0.2310568142361111,0.0023811765130731916,0.00016837460595961915,0.23072680000843024,0.23138682846379197,0.23130181206597222,0.22911593967013888,0.23282389322916666,200,0.17648253326696722,0.0032958952312576186,0.00023305498681026662,0.1760257454928191,0.17693932104111534,0.17639631341836684,0.17401437896814523,0.17865262515071753,200,0.17531365820357578,0.003504406997496956,0.0002477989951967686,0.17482797217299012,0.17579934423416144,0.17538523670763004,0.17270646980362325,0.1777149158872227,200,0.31257419699056865,0.010429464290685359,0.0007374744924086563,0.3111287469854477,0.3140196469956896,0.31205700400925684,0.30537418766965535,0.320014712793189,200,0.3148716089543561,0.010713657269919859,0.0007575699706868885,0.3133867718118098,0.31635644609690244,0.314208289713114,0.3074089918388058,0.3222971506098292,200,0.0,0.0,0.0,0.0,0.0,0.0,0.0,0.0,0,nan,nan,nan,nan,nan,nan,nan,nan,0,nan,nan,nan,nan,nan,nan,nan,nan,0,nan,nan,nan,nan,nan,nan,nan,nan,0,nan,nan,nan,nan,nan,nan,nan,nan,0,nan,nan,nan,nan,nan,nan,nan,nan,0,0.0,1.734723475976807e-18,0.018845326377266575,nan,nan,nan,nan
N288_M144,random,additive,200,25600,200,0.49960069444444444,0.03174944713580598,0.0022450249368652217,0.4952004455681886,0.5040009433207002,0.4982638888888889,0.4791666666666667,0.5208333333333334,200,0.4971180555555555,0.046070953478691536,0.0032577083620512746,0.490732947165935,0.503503163945176,0.5,0.4722222222222222,0.5277777777777778,200,0.001464753175421985,0.05053675770683208,0.003573488407368248,-0.005539284103019781,0.00846879045386375,0.0022835627179557086,-0.0277532041355959,0.030464743879349897,200,0.4996527777777778,0.02962274036439649,0.0020946440588993217,0.4955472754223351,0.5037582801332204,0.5,0.4791666666666667,0.5182291666666667,200,0.004583333333333333,0.02433858527848627,0.0017209978694904717,0.001210177509132009,0.007956489157534658,0.0,0.0,0.0,200,0.04,0.19645092217681395,0.013891177924157585,0.012773291268651135,0.06722670873134887,0.0,0.0,0.0,200,0.18,0.970727334419375,0.06864078808510815,0.04546405535318801,0.314535944646812,0.0,0.0,0.0,200,0.004392361111111111,0.022951688623765124,0.0016229294665546458,0.0012114193566640052,0.007573302865558216,0.0,0.0,0.0,200,0.008912890625,0.024980328646223474,0.0017663759782013187,0.005450793707725415,0.012374987542274583,0.0021809217664930554,0.001251220703125,0.004261372884114583,200,0.004995076497395834,0.02469128900405949,0.00174593778910073,0.001573038430758403,0.008417114564033264,0.0,0.0,0.0,200,0.006016189236111111,0.011858575517877609,0.0008385279163904032,0.004372674519985921,0.007659703952236301,0.002523193359375,0.0016638183593749999,0.004151679144965278,200,0.0021900661892361112,0.010727385902596007,0.000758540731613061,0.0007033263552745118,0.0036768060231977106,0.0,0.0,0.0,200,0.0009965915256076388,0.001503130487726247,0.00010628737608794718,0.0007882682684752624,0.0012049147827400152,0.0005735948350694444,0.00043596055772569445,0.0008554416232638888,200,0.0002587565104166667,0.0012976531306902804,9.175793283390505e-05,7.891096206221279e-05,0.0004386020587711206,0.0,0.0,0.0,200,0.0005143596401129558,0.0008639513898644981,6.109058863887293e-05,0.0003946220863807649,0.0006340971938451468,0.00027795766945049526,0.00020835602942413146,0.00042070073271810205,200,0.00014818352810646443,0.0007507557701881091,5.308644961149412e-05,4.413408686793596e-05,0.0002522329693449929,0.0,0.0,0.0,200,0.7260303499979163,0.025426820513900966,0.0017979477209392589,0.7225063724648754,0.7295543275309572,0.7255596677190945,0.7089079877170879,0.7451875061158492,200,0.7267163109979516,0.025498078109795645,0.0018029863938660766,0.7231824576659741,0.7302501643299292,0.7266909709921404,0.710053250166181,0.7458849175198321,200,0.96,0.19645092217681395,0.013891177924157585,0.932773291268651,0.9872267087313489,1.0,1.0,1.0,192,1337.390625,2614.4223088317017,188.67967797241823,967.5784561740602,1707.2027938259398,548.0,285.5,1203.25,192,0.9999960753884797,2.1264514785765805e-05,1.5346341669685832e-06,0.9999930675055124,0.9999990832714469,1.0,1.0,1.0,192,2.070523641700812e-06,9.741036998108235e-06,7.029987916304867e-07,6.926460101050583e-07,3.4484012732965663e-06,0.0,0.0,0.0,9,1.0,0.0,0.0,1.0,1.0,1.0,1.0,1.0,9,1.8333333333333333,1.0,0.3333333333333333,1.0646666666666667,2.602,2.0,1.0,2.0,192,0.96,0.923067931799067,0.9795943679338476,0.9999959215328682,2.146658875726054e-06,1.0,1.9
N288_M144,random,gain_only,200,25600,200,0.49960069444444444,0.03174944713580598,0.0022450249368652217,0.4952004455681886,0.5040009433207002,0.4982638888888889,0.4791666666666667,0.5208333333333334,200,0.4971180555555555,0.046070953478691536,0.0032577083620512746,0.490732947165935,0.503503163945176,0.5,0.4722222222222222,0.5277777777777778,200,0.001464753175421985,0.05053675770683208,0.003573488407368248,-0.005539284103019781,0.00846879045386375,0.0022835627179557086,-0.0277532041355959,0.030464743879349897,200,0.4996527777777778,0.02962274036439649,0.0020946440588993217,0.4955472754223351,0.5037582801332204,0.5,0.4791666666666667,0.5182291666666667,200,0.32298611111111114,0.03250522812010242,0.002298466722774007,0.31848111633447407,0.3274911058877482,0.3229166666666667,0.2986111111111111,0.3472222222222222,200,1.0,0.0,0.0,1.0,1.0,1.0,1.0,1.0,200,46.7,3.206463321975768,0.22673119585950097,46.25560685611538,47.14439314388463,47.0,45.0,49.0,200,0.34564236111111113,0.03189721837881315,0.0022554739416646955,0.3412216321854483,0.35006309003677394,0.3454861111111111,0.3229166666666667,0.3680555555555556,200,0.3403421766493056,0.006951327369993841,0.0004915330721570294,0.33937877182787785,0.34130558147073337,0.34056104871961806,0.33529500325520833,0.3446261257595486,200,0.3406308376736111,0.007033496617018646,0.0004973433153346525,0.33965604477555517,0.341605630571667,0.3407099066840278,0.3357229275173611,0.34504991319444445,200,0.4509267279730903,0.001801331040526663,0.0001273733393918223,0.45067707622788233,0.45117637971829827,0.4510332573784722,0.4495761447482639,0.45228474934895835,200,0.45104807942708336,0.002059352601614043,0.00014561821894554483,0.4507626677179501,0.4513334911362166,0.45096354166666663,0.44961914062499997,0.4525368923611111,200,0.2299191351996528,0.002250229671068011,0.00015911526596393649,0.22960726927836347,0.2302310011209421,0.23000542534722224,0.2282430352105035,0.23155192057291668,200,0.2300912841796875,0.0024031817450330044,0.0001699306108336558,0.22975822018245354,0.23042434817692145,0.23005045572916666,0.22852525499131943,0.23182427300347222,200,0.17430325501346933,0.003421675507743419,0.00024194899545452946,0.17382903498237845,0.1747774750445602,0.17427177698421523,0.17181505179426346,0.17644818859279374,200,0.17451513037621574,0.003548364240618172,0.00025090724166609634,0.1740233521825502,0.1750069085698813,0.17469231842446786,0.17190593913219368,0.17704659808049283,200,0.31583193145400945,0.010749830882230232,0.0007601278313433563,0.3143420809045765,0.3173217820034424,0.31542922938026485,0.3080585243683046,0.32385408908670343,200,0.3152278464525266,0.010853464483191093,0.0007674558335431769,0.313723633018782,0.31673205988627123,0.31482226701475624,0.3072544988683914,0.3225158098078674,200,0.0,0.0,0.0,0.0,0.0,0.0,0.0,0.0,0,nan,nan,nan,nan,nan,nan,nan,nan,0,nan,nan,nan,nan,nan,nan,nan,nan,0,nan,nan,nan,nan,nan,nan,nan,nan,0,nan,nan,nan,nan,nan,nan,nan,nan,0,nan,nan,nan,nan,nan,nan,nan,nan,0,0.0,1.734723475976807e-18,0.018845326377266575,nan,nan,nan,nan
N288_M144,random,shuffled,200,25600,200,0.49960069444444444,0.03174944713580598,0.0022450249368652217,0.4952004455681886,0.5040009433207002,0.4982638888888889,0.4791666666666667,0.5208333333333334,200,0.4971180555555555,0.046070953478691536,0.0032577083620512746,0.490732947165935,0.503503163945176,0.5,0.4722222222222222,0.5277777777777778,200,0.001464753175421985,0.05053675770683208,0.003573488407368248,-0.005539284103019781,0.00846879045386375,0.0022835627179557086,-0.0277532041355959,0.030464743879349897,200,0.4996527777777778,0.02962274036439649,0.0020946440588993217,0.4955472754223351,0.5037582801332204,0.5,0.4791666666666667,0.5182291666666667,200,0.3940972222222222,0.02923364129812375,0.002067130600067841,0.39004564624608923,0.3981487981983552,0.3923611111111111,0.375,0.4166666666666667,200,1.0,0.0,0.0,1.0,1.0,1.0,1.0,1.0,200,53.43,2.5978537720790844,0.18369600187681723,53.06995583632144,53.79004416367856,54.0,52.0,55.0,200,0.40036458333333336,0.029283745888471872,0.002070673529628214,0.39630606321526207,0.40442310345140464,0.4027777777777778,0.3819444444444444,0.4201388888888889,200,0.4006135898166233,0.0036928596548736,0.0002611246103931336,0.4001017855802528,0.40112539405299386,0.4005227322048611,0.3978743489583333,0.4029411146375868,200,0.40053017849392364,0.0037816948246087233,0.00026740620548588995,0.4000060623311713,0.40105429465667597,0.40038113064236114,0.3979597981770833,0.4029062228732639,200,0.4870200724283854,0.0002988426899073528,2.1131369254151776e-05,0.48697865494464726,0.48706148991212356,0.48701904296875,0.4868367513020833,0.487203369140625,200,0.48698422851562495,0.0005875081123362263,4.154309702350535e-05,0.4869028040454589,0.487065652985791,0.48698513454861114,0.4866457790798611,0.48738145616319445,200,0.27448154161241317,0.0005659592148097244,4.0019359866697e-05,0.27440310366707443,0.2745599795577519,0.2744534640842014,0.27408633761935763,0.27483310275607636,200,0.27443583984375,0.0007101739536437505,5.021688184435568e-05,0.274337414755335,0.27453426493216493,0.27440700954861114,0.27391737196180554,0.27492011176215275,200,0.22897766866695068,0.0017712014955855262,0.00012524285883762804,0.22873219266362893,0.22922314467027244,0.22882761826162312,0.2276325695282867,0.23011057979787222,200,0.2289102682801532,0.0018698732116096272,0.00013222000278882354,0.2286511170746871,0.2291694194856193,0.22883574440551693,0.22756008260742427,0.23026186162236395,200,0.1977395498930884,0.005460093118765333,0.0003860868870188972,0.19698281959453134,0.19849628019164545,0.19772179203913445,0.19402274384210294,0.20151551628103156,200,0.1979251768882989,0.005560737879494388,0.0003932035462991385,0.19715449793755258,0.1986958558390452,0.19777611232431397,0.1945030007491126,0.20230791662033104,200,0.0,0.0,0.0,0.0,0.0,0.0,0.0,0.0,0,nan,nan,nan,nan,nan,nan,nan,nan,0,nan,nan,nan,nan,nan,nan,nan,nan,0,nan,nan,nan,nan,nan,nan,nan,nan,0,nan,nan,nan,nan,nan,nan,nan,nan,0,nan,nan,nan,nan,nan,nan,nan,nan,0,0.0,1.734723475976807e-18,0.018845326377266575,nan,nan,nan,nan
N288_M144,channel_hard,pSA,200,25600,200,0.09296875,0.016130812319831187,0.0011406206777400136,0.09073313347162958,0.09520436652837043,0.09375,0.08333333333333333,0.10069444444444445,200,0.3521875,0.046724359606933955,0.003303911152466181,0.3457118341411663,0.3586631658588337,0.3472222222222222,0.3263888888888889,0.3819444444444444,200,0.809980818549675,0.01585045247579612,0.0011207962430510535,0.8077840579132949,0.812177579186055,0.8107481611119278,0.7985729025948811,0.8203537395406675,200,0.0,0.0,0.0,0.0,0.0,0.0,0.0,0.0,200,0.3208159722222222,0.03027993213250276,0.002141114534476114,0.316619387734649,0.3250125567097954,0.3229166666666667,0.2986111111111111,0.3402777777777778,200,1.0,0.0,0.0,1.0,1.0,1.0,1.0,1.0,200,47.425,3.0596046974278575,0.21634672293014529,47.00096042305691,47.849039576943085,48.0,46.0,50.0,200,0.3422222222222222,0.033724929683970006,0.002384712647457468,0.3375481854332056,0.34689625901123883,0.3402777777777778,0.31857638888888884,0.3645833333333333,200,0.3419883273654514,0.006830131969798221,0.0004829632632243353,0.3410417193695317,0.34293493536137115,0.3422925482855903,0.33717071533203125,0.34637766520182295,200,0.34067315266927084,0.0069259325769427706,0.0004897373891197053,0.33971326738659624,0.34163303795194544,0.3407980685763889,0.33577216254340275,0.3450873480902778,200,0.45334577365451395,0.0016780889177836651,0.00011865880531988244,0.453113202396087,0.4535783449129409,0.45346530490451387,0.4522028944227431,0.45451395670572914,200,0.45215877278645833,0.0019473935214190693,0.00013770151646341742,0.45188887781419,0.45242866775872664,0.45231825086805555,0.45078857421874996,0.45356689453125,200,0.23213361748589406,0.0021323304241753194,0.00015077853026647557,0.23183809156657176,0.23242914340521637,0.2322312418619792,0.23067162407769098,0.23367431640625,200,0.23086877441406248,0.002315323846947331,0.00016371811928193817,0.23054788690026987,0.2311896619278551,0.23099175347222223,0.22917141384548612,0.2325466579861111,200,0.17642815572816586,0.003322894982345978,0.0002349641575187594,0.17596762597942908,0.17688868547690265,0.17657244332432576,0.17409492941941954,0.17863585503904084,200,0.17511357377894526,0.0034420068565732907,0.0002433866389173566,0.17463653596666726,0.17559061159122327,0.17530285075980886,0.17248997979456915,0.1774731478150255,200,0.3127277399504825,0.010553865284768477,0.0007462709710589084,0.311265048847207,0.31419043105375793,0.3122352485153683,0.3052484605014455,0.3202303150520602,200,0.31524409666468567,0.01082537109323775,0.0007654693308889242,0.3137437767761434,0.31674441655322794,0.3146302654780826,0.30723001074538064,0.3234473006245654,200,0.0,0.0,0.0,0.0,0.0,0.0,0.0,0.0,0,nan,nan,nan,nan,nan,nan,nan,nan,0,nan,nan,nan,nan,nan,nan,nan,nan,0,nan,nan,nan,nan,nan,nan,nan,nan,0,nan,nan,nan,nan,nan,nan,nan,nan,0,nan,nan,nan,nan,nan,nan,nan,nan,0,0.0,1.734723475976807e-18,0.018845326377266575,nan,nan,nan,nan
N288_M144,channel_hard,additive,200,25600,200,0.09296875,0.016130812319831187,0.0011406206777400136,0.09073313347162958,0.09520436652837043,0.09375,0.08333333333333333,0.10069444444444445,200,0.3521875,0.046724359606933955,0.003303911152466181,0.3457118341411663,0.3586631658588337,0.3472222222222222,0.3263888888888889,0.3819444444444444,200,0.809980818549675,0.01585045247579612,0.0011207962430510535,0.8077840579132949,0.812177579186055,0.8107481611119278,0.7985729025948811,0.8203537395406675,200,0.0,0.0,0.0,0.0,0.0,0.0,0.0,0.0,200,0.0034548611111111112,0.020930519350481482,0.0014800112166481708,0.0005540391264806967,0.006355683095741526,0.0,0.0,0.0,200,0.03,0.17101529509309654,0.012092607484694706,0.006298489329998377,0.05370151067000162,0.0,0.0,0.0,200,0.135,0.7936779089250109,0.056121503147883424,0.025001853830148496,0.24499814616985152,0.0,0.0,0.0,200,0.0034375,0.020850745329358163,0.001474370341518289,0.0005477341306241537,0.006327265869375846,0.0,0.0,0.0,200,0.009038898383246528,0.022392515758457913,0.0015833899740632215,0.005935454034082614,0.012142342732410442,0.0018623860677083332,0.0010913764105902777,0.005179206000434027,200,0.0037958658854166673,0.020745618048044197,0.0014669367201678078,0.0009206699138877639,0.006671061856945571,0.0,0.0,0.0,200,0.006323071289062501,0.011541554970711847,0.0008161111785227652,0.004723493379157881,0.007922649198967121,0.00236083984375,0.0015381537543402777,0.004950900607638889,200,0.0018703124999999998,0.009729223783321365,0.0006879600112867974,0.0005219108778778769,0.0032187141221221224,0.0,0.0,0.0,200,0.0010291334364149307,0.001438392033322076,0.00010170967607667462,0.0008297824713046483,0.001228484401525213,0.0005543348524305555,0.00039306640624999997,0.0009319051106770833,200,0.00021541883680555558,0.0011526772603451198,8.150659073095657e-05,5.566591897288072e-05,0.0003751717546382305,0.0,0.0,0.0,200,0.0005353730052548339,0.0008083042037183653,5.7155738371084866e-05,0.0004233477580475076,0.0006473982524621602,0.0002757121652709336,0.00019464316007715388,0.0004669575548482737,200,0.00012150910471139134,0.0006569388138230792,4.645258900789461e-05,3.0462030255917896e-05,0.00021255617916686478,0.0,0.0,0.0,200,0.7260791080568412,0.02554983666134525,0.0018066462761445884,0.7225380813555978,0.7296201347580845,0.7261146262233618,0.7095928591980164,0.7452190121400519,200,0.7266793444443062,0.02571638615994178,0.001818423104130671,0.72311523516021,0.7302434537284023,0.7266909709921404,0.710053250166181,0.7458849175198321,200,0.97,0.17101529509309654,0.012092607484694706,0.9462984893299984,0.9937015106700016,1.0,1.0,1.0,194,1678.360824742268,3416.26707825368,245.27368208494124,1197.6244078557831,2159.0972416287527,457.0,250.75,1356.0,194,0.9999638481284152,0.0002823000705303451,2.0267963881562417e-05,0.9999241229192074,1.0000035733376231,1.0,1.0,1.0,194,2.6572967720412917e-06,1.2150483703019039e-05,8.723538905734385e-07,9.474831465173524e-07,4.367110397565231e-06,0.0,0.0,0.0,11,1.0,0.0,0.0,1.0,1.0,1.0,1.0,1.0,11,14.242424242424242,26.39027215938601,7.956966442549598,-1.3532299849729696,29.838078469821454,4.0,1.5,12.333333333333332,194,0.97,0.9361057075454807,0.9861796856598887,0.9999616461308272,2.8013498196361693e-06,1.0,13.692307692307692
N288_M144,channel_hard,gain_only,200,25600,200,0.09296875,0.016130812319831187,0.0011406206777400136,0.09073313347162958,0.09520436652837043,0.09375,0.08333333333333333,0.10069444444444445,200,0.3521875,0.046724359606933955,0.003303911152466181,0.3457118341411663,0.3586631658588337,0.3472222222222222,0.3263888888888889,0.3819444444444444,200,0.809980818549675,0.01585045247579612,0.0011207962430510535,0.8077840579132949,0.812177579186055,0.8107481611119278,0.7985729025948811,0.8203537395406675,200,0.0,0.0,0.0,0.0,0.0,0.0,0.0,0.0,200,0.31862847222222224,0.03283719305264409,0.0023219401882656424,0.31407746945322157,0.3231794749912229,0.3194444444444444,0.2986111111111111,0.34114583333333337,200,1.0,0.0,0.0,1.0,1.0,1.0,1.0,1.0,200,47.055,3.308581046719812,0.23395200942408642,46.59645406152879,47.51354593847121,47.0,45.0,49.0,200,0.3449305555555556,0.030458563256086764,0.002153745662357836,0.34070921405733423,0.3491518970537769,0.3472222222222222,0.3229166666666667,0.3645833333333333,200,0.34033678317599825,0.006977491791749143,0.0004933831761619292,0.33936975215072085,0.34130381420127565,0.3406306287977431,0.3353544786241319,0.34471805148654516,200,0.3406344807942708,0.007102844729702178,0.0005022469674087539,0.3396500767381496,0.34161888485039194,0.3408395724826389,0.33597330729166663,0.34494249131944443,200,0.45102647705078125,0.0018249070661121218,0.00012904041614831286,0.45077355783513057,0.45127939626643193,0.45110622829861113,0.44974914550781253,0.45226379394531246,200,0.45100544162326384,0.002118063848081039,0.0001497697309964176,0.45071189295051084,0.45129899029601683,0.45097927517361114,0.44953965928819445,0.4525843641493056,200,0.22998292168511283,0.002275033609865409,0.00016086916929631412,0.22966761811329206,0.2302982252569336,0.23009297688802083,0.22846510145399307,0.2315907457139757,200,0.230060791015625,0.0024837526485391886,0.00017562783405721078,0.22971656046087285,0.23040502157037712,0.23010579427083333,0.22838935004340277,0.23176174587673612,200,0.17435823871172562,0.0034389333677756566,0.0002431693104402858,0.17388162686326267,0.17483485056018858,0.1744162193772174,0.17179267714664934,0.17650622906420776,200,0.17449392186360427,0.0036230495573534678,0.00025618829105795564,0.17399179281313068,0.17499605091407786,0.17449253850921187,0.1721051684198637,0.1768046769456945,200,0.3158612480104268,0.010825619503464133,0.0007654868961444834,0.3143608936939836,0.31736160232687,0.3154257894758299,0.30838804848630896,0.3232447688785142,200,0.3152822347247235,0.011028432212905658,0.0007798279203601753,0.31375377200081755,0.31681069744862944,0.3149725007793531,0.3075736817833701,0.32289994897371943,200,0.0,0.0,0.0,0.0,0.0,0.0,0.0,0.0,0,nan,nan,nan,nan,nan,nan,nan,nan,0,nan,nan,nan,nan,nan,nan,nan,nan,0,nan,nan,nan,nan,nan,nan,nan,nan,0,nan,nan,nan,nan,nan,nan,nan,nan,0,nan,nan,nan,nan,nan,nan,nan,nan,0,0.0,1.734723475976807e-18,0.018845326377266575,nan,nan,nan,nan
N288_M144,channel_hard,shuffled,200,25600,200,0.09296875,0.016130812319831187,0.0011406206777400136,0.09073313347162958,0.09520436652837043,0.09375,0.08333333333333333,0.10069444444444445,200,0.3521875,0.046724359606933955,0.003303911152466181,0.3457118341411663,0.3586631658588337,0.3472222222222222,0.3263888888888889,0.3819444444444444,200,0.809980818549675,0.01585045247579612,0.0011207962430510535,0.8077840579132949,0.812177579186055,0.8107481611119278,0.7985729025948811,0.8203537395406675,200,0.0,0.0,0.0,0.0,0.0,0.0,0.0,0.0,200,0.3945659722222222,0.03323915639821296,0.0023503632890096602,0.38995926017576327,0.3991726842686812,0.3958333333333333,0.3715277777777778,0.4201388888888889,200,1.0,0.0,0.0,1.0,1.0,1.0,1.0,1.0,200,54.005,2.1675948276104133,0.15327210014682086,53.704586683712236,54.30541331628777,54.0,53.0,56.0,200,0.4033159722222222,0.029771864339344055,0.0021051887162916133,0.39918980233829066,0.40744214210615376,0.4027777777777778,0.3854166666666667,0.4236111111111111,200,0.4006012430826823,0.0037145822319288617,0.00026266062854719585,0.4000864282507298,0.4011160579146348,0.4003858778211805,0.3979386393229167,0.40289432101779515,200,0.40055834147135416,0.0037966615070392593,0.0002684645097497397,0.40003215103224465,0.40108453191046367,0.40050944010416667,0.3977937825520833,0.40290785047743055,200,0.48702904052734375,0.00032752294360583525,2.315936944178653e-05,0.48698364816323786,0.48707443289144964,0.487025146484375,0.4868184407552083,0.4872379557291666,200,0.4869870605468751,0.0005929324010712227,4.1926652158268325e-05,0.48690488430864487,0.4870692367851053,0.48699924045138887,0.48658365885416666,0.487353515625,200,0.2744731960720486,0.0005902474787981329,4.173679948364227e-05,0.2743913919450607,0.27455500019903656,0.2744398328993055,0.2740648057725695,0.2748330349392361,200,0.27440773111979166,0.0007105138002761903,5.0240912630191843e-05,0.27430925893103647,0.27450620330854686,0.2743975151909722,0.2739042154947917,0.27484605577256943,200,0.2289734807467478,0.001802927177758695,0.00012748620333786971,0.22872360778820558,0.22922335370529004,0.22884222599595608,0.2277488536230825,0.23016878929030615,200,0.22889776764589256,0.0018693492889970016,0.0001321829558656031,0.22863868905239598,0.22915684623938914,0.22878343893889747,0.227643370627948,0.2301391837242063,200,0.19775990683844177,0.005497891254382286,0.0003887596188199928,0.1969979379855546,0.19852187569132895,0.19757236155228478,0.1939248436654376,0.20166069982367776,200,0.19785750978520247,0.005561047750695032,0.0003932254575018654,0.19708678788849882,0.19862823168190613,0.19770450816850052,0.19404428818677452,0.20164545132257677,200,0.0,0.0,0.0,0.0,0.0,0.0,0.0,0.0,0,nan,nan,nan,nan,nan,nan,nan,nan,0,nan,nan,nan,nan,nan,nan,nan,nan,0,nan,nan,nan,nan,nan,nan,nan,nan,0,nan,nan,nan,nan,nan,nan,nan,nan,0,nan,nan,nan,nan,nan,nan,nan,nan,0,0.0,1.734723475976807e-18,0.018845326377266575,nan,nan,nan,nan
