problem,size,mode,stage,candidate_id,rank,graph_type,instance_seed,EbNo_dB,kw,kr,alpha,alpha_mode,psa_p,lambda_mem,response_lambda,I0_min,I0_max,I0_schedule_type,I0_schedule_shape,I0_hold_fraction,decision_method,burn_in,sample_window,n_cycles,BER,FER,syndrome_violation,BP_BER,BP_FER,BER_ratio_to_BP,FER_ratio_to_BP,best_cut,normalized_cut,approximation_ratio,success_rate,score,seed,mean_cut,mean_normalized_cut,convergence_cycle,reference_cut,n_edges
maxcut,N500_ERp0p04,lambda_pSA,memory_sweep,1,0,,,,0.4890681313319591,0.0,1.0,fixed,0.19440504199938524,0.0,0.0,0.0732268592978958,5.147296514727028,exponential,3.1169319405455944,0.17932790121349387,best_state,2749,220,3000,,,,,,,,2678.0,0.5425196740316075,1.0,0.01,-0.5320583187804213,907919,,0.5319583187804213,,,
maxcut,N500_ERp0p04,lambda_pSA,memory_sweep,2,0,,,,0.4890681313319591,0.0,1.0,fixed,0.19440504199938524,0.05,0.0,0.0732268592978958,5.147296514727028,exponential,3.1169319405455944,0.17932790121349387,best_state,2749,220,3000,,,,,,,,2689.0,0.5447357014024471,1.0,0.01,-0.5339640129380466,915838,,0.5338640129380466,,,
maxcut,N500_ERp0p04,lambda_pSA,memory_sweep,3,0,,,,0.4890681313319591,0.0,1.0,fixed,0.19440504199938524,0.1,0.0,0.0732268592978958,5.147296514727028,exponential,3.1169319405455944,0.17932790121349387,best_state,2749,220,3000,,,,,,,,2705.0,0.5479906198486395,1.0,0.01,-0.5364464239049863,923757,,0.5363464239049863,,,
maxcut,N500_ERp0p04,lambda_pSA,memory_sweep,4,0,,,,0.4890681313319591,0.0,1.0,fixed,0.19440504199938524,0.15,0.0,0.0732268592978958,5.147296514727028,exponential,3.1169319405455944,0.17932790121349387,best_state,2749,220,3000,,,,,,,,2745.6666666666665,0.5561971910420506,1.0,0.01,-0.5398731191830216,931676,,0.5397731191830216,,,
maxcut,N500_ERp0p04,lambda_pSA,memory_sweep,5,0,,,,0.4890681313319591,0.0,1.0,fixed,0.19440504199938524,0.2,0.0,0.0732268592978958,5.147296514727028,exponential,3.1169319405455944,0.17932790121349387,best_state,2749,220,3000,,,,,,,,2758.6666666666665,0.5588422997714099,1.0,0.01,-0.545277853270676,939595,,0.545177853270676,,,
maxcut,N500_ERp0p04,lambda_pSA,memory_sweep,6,0,,,,0.4890681313319591,0.0,1.0,fixed,0.19440504199938524,0.25,0.0,0.0732268592978958,5.147296514727028,exponential,3.1169319405455944,0.17932790121349387,best_state,2749,220,3000,,,,,,,,2870.0,0.5814715841657812,1.0,0.01,-0.5566605018884527,947514,,0.5565605018884527,,,
maxcut,N500_ERp0p04,lambda_pSA,memory_sweep,7,0,,,,0.4890681313319591,0.0,1.0,fixed,0.19440504199938524,0.3,0.0,0.0732268592978958,5.147296514727028,exponential,3.1169319405455944,0.17932790121349387,best_state,2749,220,3000,,,,,,,,3287.0,0.6658875903917081,1.0,0.043333333333333335,-0.5997695190129997,955433,,0.5993361856796664,,,
maxcut,N500_ERp0p04,lambda_pSA,memory_sweep,8,0,,,,0.4890681313319591,0.0,1.0,fixed,0.19440504199938524,0.35,0.0,0.0732268592978958,5.147296514727028,exponential,3.1169319405455944,0.17932790121349387,best_state,2749,220,3000,,,,,,,,3287.0,0.6658875903917081,1.0,0.30333333333333334,-0.6673636266850875,963352,,0.6643302933517542,,,
maxcut,N500_ERp0p04,lambda_pSA,memory_sweep,9,0,,,,0.4890681313319591,0.0,1.0,fixed,0.19440504199938524,0.4,0.0,0.0732268592978958,5.147296514727028,exponential,3.1169319405455944,0.17932790121349387,best_state,2749,220,3000,,,,,,,,3287.0,0.6658875903917081,1.0,0.2866666666666667,-0.6673668606370721,971271,,0.6645001939704054,,,
maxcut,N500_ERp0p04,lambda_pSA,memory_sweep,10,0,,,,0.4890681313319591,0.0,1.0,fixed,0.19440504199938524,0.45,0.0,0.0732268592978958,5.147296514727028,exponential,3.1169319405455944,0.17932790121349387,best_state,2749,220,3000,,,,,,,,3287.0,0.6658875903917081,1.0,0.26666666666666666,-0.6669699701344349,979190,,0.6643033034677682,,,
maxcut,N500_ERp0p04,lambda_pSA,memory_sweep,11,0,,,,0.4890681313319591,0.0,1.0,fixed,0.19440504199938524,0.5,0.0,0.0732268592978958,5.147296514727028,exponential,3.1169319405455944,0.17932790121349387,best_state,2749,220,3000,,,,,,,,3287.0,0.6658875903917081,1.0,0.2566666666666667,-0.6670347282355179,987109,,0.6644680615688512,,,
maxcut,N500_ERp0p04,lambda_pSA,memory_sweep,12,0,,,,0.4890681313319591,0.0,1.0,fixed,0.19440504199938524,0.52,0.0,0.0732268592978958,5.147296514727028,exponential,3.1169319405455944,0.17932790121349387,best_state,2749,220,3000,,,,,,,,3287.0,0.6658875903917081,1.0,0.2833333333333333,-0.6672600389660881,995028,,0.6644267056327547,,,
maxcut,N500_ERp0p04,lambda_pSA,memory_sweep,13,0,,,,0.4890681313319591,0.0,1.0,fixed,0.19440504199938524,0.54,0.0,0.0732268592978958,5.147296514727028,exponential,3.1169319405455944,0.17932790121349387,best_state,2749,220,3000,,,,,,,,3287.0,0.6658875903917081,1.0,0.23333333333333336,-0.6667474314120018,1002947,,0.6644140980786685,,,
maxcut,N500_ERp0p04,lambda_pSA,memory_sweep,14,0,,,,0.4890681313319591,0.0,1.0,fixed,0.19440504199938524,0.55,0.0,0.0732268592978958,5.147296514727028,exponential,3.1169319405455944,0.17932790121349387,best_state,2749,220,3000,,,,,,,,3287.0,0.6658875903917081,1.0,0.22333333333333336,-0.6665778968456171,1010866,,0.6643445635122838,,,
maxcut,N500_ERp0p04,lambda_pSA,memory_sweep,15,0,,,,0.4890681313319591,0.0,1.0,fixed,0.19440504199938524,0.56,0.0,0.0732268592978958,5.147296514727028,exponential,3.1169319405455944,0.17932790121349387,best_state,2749,220,3000,,,,,,,,3287.0,0.6658875903917081,1.0,0.24333333333333332,-0.6668544661170704,1018785,,0.6644211327837372,,,
maxcut,N500_ERp0p04,lambda_pSA,memory_sweep,16,0,,,,0.4890681313319591,0.0,1.0,fixed,0.19440504199938524,0.58,0.0,0.0732268592978958,5.147296514727028,exponential,3.1169319405455944,0.17932790121349387,best_state,2749,220,3000,,,,,,,,3287.0,0.6658875903917081,1.0,0.25,-0.6668684865057236,1026704,,0.6643684865057237,,,
maxcut,N500_ERp0p04,lambda_pSA,memory_sweep,17,0,,,,0.4890681313319591,0.0,1.0,fixed,0.19440504199938524,0.6,0.0,0.0732268592978958,5.147296514727028,exponential,3.1169319405455944,0.17932790121349387,best_state,2749,220,3000,,,,,,,,3287.0,0.6658875903917081,1.0,0.2633333333333333,-0.6670730276420234,1034623,,0.66443969430869,,,
maxcut,N500_ERp0p04,lambda_pSA,memory_sweep,18,0,,,,0.4890681313319591,0.0,1.0,fixed,0.19440504199938524,0.62,0.0,0.0732268592978958,5.147296514727028,exponential,3.1169319405455944,0.17932790121349387,best_state,2749,220,3000,,,,,,,,3287.0,0.6658875903917081,1.0,0.2833333333333333,-0.6672867837894235,1042542,,0.6644534504560902,,,
maxcut,N500_ERp0p04,lambda_pSA,memory_sweep,19,0,,,,0.4890681313319591,0.0,1.0,fixed,0.19440504199938524,0.64,0.0,0.0732268592978958,5.147296514727028,exponential,3.1169319405455944,0.17932790121349387,best_state,2749,220,3000,,,,,,,,3287.0,0.6658875903917081,1.0,0.18666666666666668,-0.6662341753597124,1050461,,0.6643675086930457,,,
maxcut,N500_ERp0p04,lambda_pSA,memory_sweep,20,0,,,,0.4890681313319591,0.0,1.0,fixed,0.19440504199938524,0.65,0.0,0.0732268592978958,5.147296514727028,exponential,3.1169319405455944,0.17932790121349387,best_state,2749,220,3000,,,,,,,,3287.0,0.6658875903917081,1.0,0.25333333333333335,-0.6668961254501837,1058380,,0.6643627921168503,,,
maxcut,N500_ERp0p04,lambda_pSA,memory_sweep,21,0,,,,0.4890681313319591,0.0,1.0,fixed,0.19440504199938524,0.66,0.0,0.0732268592978958,5.147296514727028,exponential,3.1169319405455944,0.17932790121349387,best_state,2749,220,3000,,,,,,,,3287.0,0.6658875903917081,1.0,0.25666666666666665,-0.6669514327138508,1066299,,0.6643847660471841,,,
maxcut,N500_ERp0p04,lambda_pSA,memory_sweep,22,0,,,,0.4890681313319591,0.0,1.0,fixed,0.19440504199938524,0.68,0.0,0.0732268592978958,5.147296514727028,exponential,3.1169319405455944,0.17932790121349387,best_state,2749,220,3000,,,,,,,,3287.0,0.6658875903917081,1.0,0.23333333333333336,-0.6665207333839326,1074218,,0.6641874000505993,,,
maxcut,N500_ERp0p04,lambda_pSA,memory_sweep,23,0,,,,0.4890681313319591,0.0,1.0,fixed,0.19440504199938524,0.7,0.0,0.0732268592978958,5.147296514727028,exponential,3.1169319405455944,0.17932790121349387,best_state,2749,220,3000,,,,,,,,3287.0,0.6658875903917081,1.0,0.21999999999999997,-0.666339436870289,1082137,,0.664139436870289,,,
maxcut,N500_ERp0p04,lambda_pSA,memory_sweep,24,0,,,,0.4890681313319591,0.0,1.0,fixed,0.19440504199938524,0.72,0.0,0.0732268592978958,5.147296514727028,exponential,3.1169319405455944,0.17932790121349387,best_state,2749,220,3000,,,,,,,,3287.0,0.6658875903917081,1.0,0.21333333333333335,-0.6663691886062023,1090056,,0.664235855272869,,,
maxcut,N500_ERp0p04,lambda_pSA,memory_sweep,25,0,,,,0.4890681313319591,0.0,1.0,fixed,0.19440504199938524,0.74,0.0,0.0732268592978958,5.147296514727028,exponential,3.1169319405455944,0.17932790121349387,best_state,2749,220,3000,,,,,,,,3287.0,0.6658875903917081,1.0,0.22,-0.666331714843835,1097975,,0.664131714843835,,,
maxcut,N500_ERp0p04,lambda_pSA,memory_sweep,26,0,,,,0.4890681313319591,0.0,1.0,fixed,0.19440504199938524,0.75,0.0,0.0732268592978958,5.147296514727028,exponential,3.1169319405455944,0.17932790121349387,best_state,2749,220,3000,,,,,,,,3287.0,0.6658875903917081,1.0,0.2066666666666667,-0.6663085451746714,1105894,,0.6642418785080048,,,
maxcut,N500_ERp0p04,lambda_pSA,memory_sweep,27,0,,,,0.4890681313319591,0.0,1.0,fixed,0.19440504199938524,0.76,0.0,0.0732268592978958,5.147296514727028,exponential,3.1169319405455944,0.17932790121349387,best_state,2749,220,3000,,,,,,,,3287.0,0.6658875903917081,1.0,0.18999999999999997,-0.6660062930486893,1113813,,0.6641062930486893,,,
maxcut,N500_ERp0p04,lambda_pSA,memory_sweep,28,0,,,,0.4890681313319591,0.0,1.0,fixed,0.19440504199938524,0.78,0.0,0.0732268592978958,5.147296514727028,exponential,3.1169319405455944,0.17932790121349387,best_state,2749,220,3000,,,,,,,,3287.0,0.6658875903917081,1.0,0.20666666666666667,-0.6662796242306356,1121732,,0.6642129575639689,,,
maxcut,N500_ERp0p04,lambda_pSA,memory_sweep,29,0,,,,0.4890681313319591,0.0,1.0,fixed,0.19440504199938524,0.8,0.0,0.0732268592978958,5.147296514727028,exponential,3.1169319405455944,0.17932790121349387,best_state,2749,220,3000,,,,,,,,3287.0,0.6658875903917081,1.0,0.25333333333333335,-0.6667165452195699,1129651,,0.6641832118862365,,,
maxcut,N500_ERp0p04,lambda_pSA,memory_sweep,30,0,,,,0.4890681313319591,0.0,1.0,fixed,0.19440504199938524,0.85,0.0,0.0732268592978958,5.147296514727028,exponential,3.1169319405455944,0.17932790121349387,best_state,2749,220,3000,,,,,,,,3287.0,0.6658875903917081,1.0,0.21333333333333335,-0.6662316343991092,1137570,,0.6640983010657758,,,
maxcut,N500_ERp0p04,lambda_pSA,memory_sweep,31,0,,,,0.4890681313319591,0.0,1.0,fixed,0.19440504199938524,0.9,0.0,0.0732268592978958,5.147296514727028,exponential,3.1169319405455944,0.17932790121349387,best_state,2749,220,3000,,,,,,,,3287.0,0.6658875903917081,1.0,0.17333333333333334,-0.6658419034204429,1145489,,0.6641085700871096,,,
maxcut,N500_ERp0p04,lambda_pSA,memory_sweep,32,0,,,,0.4890681313319591,0.0,1.0,fixed,0.19440504199938524,0.95,0.0,0.0732268592978958,5.147296514727028,exponential,3.1169319405455944,0.17932790121349387,best_state,2749,220,3000,,,,,,,,3287.0,0.6658875903917081,1.0,0.21333333333333335,-0.666346874469867,1153408,,0.6642135411365336,,,
