size,code_id,scope,EbNo_dB,metric,difference_definition,mean_paired_difference,seed_batch_sd,seed_batch_sem,ci95_low,ci95_high,n_seed_batches,ci_excludes_zero_in_additive_direction
N192_M96,C00,per_EbNo,2.0,BER,pSA_minus_additive; positive_favors_additive,0.2849479166666667,0.0038567465089449707,0.0012196103326169066,0.2821889664168465,0.2877068669164869,10,1
N192_M96,C00,per_EbNo,2.0,FER,pSA_minus_additive; positive_favors_additive,0.876,0.032386554137309655,0.010241527663824811,0.8528320548367103,0.8991679451632897,10,1
N192_M96,C00,per_EbNo,2.0,syndrome_violation_rate,pSA_minus_additive; positive_favors_additive,0.8869999999999999,0.02710063549890379,0.00856997342145496,0.8676133732391863,0.9063866267608135,10,1
N192_M96,C00,per_EbNo,2.5,BER,pSA_minus_additive; positive_favors_additive,0.27784895833333334,0.004775855177808285,0.0015102580136982624,0.274432517349888,0.2812653993167787,10,1
N192_M96,C00,per_EbNo,2.5,FER,pSA_minus_additive; positive_favors_additive,0.9570000000000001,0.0294580681270476,0.009315459074988078,0.9359269675282416,0.9780730324717586,10,1
N192_M96,C00,per_EbNo,2.5,syndrome_violation_rate,pSA_minus_additive; positive_favors_additive,0.9640000000000001,0.029135697844549537,0.0092135166407235,0.9431575773361119,0.9848424226638882,10,1
N192_M96,C00,per_EbNo,3.0,BER,pSA_minus_additive; positive_favors_additive,0.2582083333333333,0.006631680841183554,0.0020971216173441398,0.2534643146452821,0.26295235202138456,10,1
N192_M96,C00,per_EbNo,3.0,FER,pSA_minus_additive; positive_favors_additive,0.9850000000000001,0.013540064007726612,0.004281744192888379,0.9753140217045487,0.9946859782954515,10,1
N192_M96,C00,per_EbNo,3.0,syndrome_violation_rate,pSA_minus_additive; positive_favors_additive,0.9850000000000001,0.013540064007726612,0.004281744192888379,0.9753140217045487,0.9946859782954515,10,1
N192_M96,C00,pooled_across_EbNo,,BER,pSA_minus_additive; positive_favors_additive,0.27366840277777776,0.003339065709001218,0.001055905289740884,0.27127977906329487,0.27605702649226066,10,1
N192_M96,C00,pooled_across_EbNo,,FER,pSA_minus_additive; positive_favors_additive,0.9393333333333332,0.012551129996838174,0.003969015799887058,0.9303547958121376,0.9483118708545288,10,1
N192_M96,C00,pooled_across_EbNo,,syndrome_violation_rate,pSA_minus_additive; positive_favors_additive,0.9453333333333334,0.013895553956323095,0.004394159985174486,0.935393052848144,0.9552736138185227,10,1
N192_M96,C01,per_EbNo,2.0,BER,pSA_minus_additive; positive_favors_additive,0.2850989583333333,0.00505040958815242,0.0015970797415314581,0.28148611295637876,0.2887118037102879,10,1
N192_M96,C01,per_EbNo,2.0,FER,pSA_minus_additive; positive_favors_additive,0.8559999999999999,0.037771241264574124,0.011944315244779279,0.828980081713635,0.8830199182863647,10,1
N192_M96,C01,per_EbNo,2.0,syndrome_violation_rate,pSA_minus_additive; positive_favors_additive,0.883,0.039454615277134134,0.012476644848141932,0.854775868488389,0.911224131511611,10,1
N192_M96,C01,per_EbNo,2.5,BER,pSA_minus_additive; positive_favors_additive,0.27682291666666664,0.0036789992778917917,0.001163401722825281,0.2741911191261006,0.27945471420723267,10,1
N192_M96,C01,per_EbNo,2.5,FER,pSA_minus_additive; positive_favors_additive,0.9490000000000001,0.021317702607092627,0.006741249472052223,0.9337502342202108,0.9642497657797894,10,1
N192_M96,C01,per_EbNo,2.5,syndrome_violation_rate,pSA_minus_additive; positive_favors_additive,0.966,0.022705848487901886,0.00718021974284601,0.9497572144778544,0.9822427855221455,10,1
N192_M96,C01,per_EbNo,3.0,BER,pSA_minus_additive; positive_favors_additive,0.26004687499999996,0.003879689795702696,0.0012268656369333858,0.2572715121115515,0.2628222378884484,10,1
N192_M96,C01,per_EbNo,3.0,FER,pSA_minus_additive; positive_favors_additive,0.9810000000000001,0.013703203194062989,0.004333333333333337,0.9711973189609656,0.9908026810390346,10,1
N192_M96,C01,per_EbNo,3.0,syndrome_violation_rate,pSA_minus_additive; positive_favors_additive,0.9950000000000001,0.007071067811865481,0.0022360679774997916,0.9899416628080703,1.00005833719193,10,1
N192_M96,C01,pooled_across_EbNo,,BER,pSA_minus_additive; positive_favors_additive,0.27398958333333334,0.0023974095727399315,0.0007581274734149305,0.2722745798389913,0.2757045868276754,10,1
N192_M96,C01,pooled_across_EbNo,,FER,pSA_minus_additive; positive_favors_additive,0.9286666666666668,0.013806421837341388,0.004365973934308554,0.9187901474583363,0.9385431858749972,10,1
N192_M96,C01,pooled_across_EbNo,,syndrome_violation_rate,pSA_minus_additive; positive_favors_additive,0.9480000000000001,0.012688091043217957,0.004012326685615065,0.9389234864484253,0.9570765135515749,10,1
N192_M96,C02,per_EbNo,2.0,BER,pSA_minus_additive; positive_favors_additive,0.2859166666666667,0.006391633996608761,0.002021212139944862,0.2813443671466428,0.2904889661866906,10,1
N192_M96,C02,per_EbNo,2.0,FER,pSA_minus_additive; positive_favors_additive,0.8799999999999999,0.015634719199411447,0.004944132324730447,0.8688155956475124,0.8911844043524874,10,1
N192_M96,C02,per_EbNo,2.0,syndrome_violation_rate,pSA_minus_additive; positive_favors_additive,0.8930000000000001,0.016363916944844785,0.0051747248987533455,0.8812939590044858,0.9047060409955144,10,1
N192_M96,C02,per_EbNo,2.5,BER,pSA_minus_additive; positive_favors_additive,0.27777083333333336,0.0057885079149270265,0.001830486926508158,0.27362998422102214,0.2819116824456446,10,1
N192_M96,C02,per_EbNo,2.5,FER,pSA_minus_additive; positive_favors_additive,0.9650000000000001,0.021213203435596444,0.006708203932499375,0.9498249884242106,0.9801750115757896,10,1
N192_M96,C02,per_EbNo,2.5,syndrome_violation_rate,pSA_minus_additive; positive_favors_additive,0.9720000000000001,0.02149935399546282,0.006798692684790385,0.9566202886450578,0.9873797113549424,10,1
N192_M96,C02,per_EbNo,3.0,BER,pSA_minus_additive; positive_favors_additive,0.25817708333333333,0.004341735866193389,0.001372977433601516,0.2550711925974746,0.26128297406919204,10,1
N192_M96,C02,per_EbNo,3.0,FER,pSA_minus_additive; positive_favors_additive,0.9860000000000001,0.009660917830792967,0.003055050463303896,0.9790889957115565,0.9929110042884437,10,1
N192_M96,C02,per_EbNo,3.0,syndrome_violation_rate,pSA_minus_additive; positive_favors_additive,0.991,0.009944289260117542,0.0031446603773522042,0.9838862840026292,0.9981137159973708,10,1
N192_M96,C02,pooled_across_EbNo,,BER,pSA_minus_additive; positive_favors_additive,0.27395486111111106,0.003471217061299944,0.0010976952166544143,0.27147170201412557,0.27643802020809655,10,1
N192_M96,C02,pooled_across_EbNo,,FER,pSA_minus_additive; positive_favors_additive,0.9436666666666668,0.009088046687412702,0.0028738927014172427,0.9371654697068816,0.9501678636264519,10,1
N192_M96,C02,pooled_across_EbNo,,syndrome_violation_rate,pSA_minus_additive; positive_favors_additive,0.952,0.009838197164968296,0.0031111111111111122,0.944962177715565,0.9590378222844349,10,1
N192_M96,C03,per_EbNo,2.0,BER,pSA_minus_additive; positive_favors_additive,0.28622395833333336,0.006176225953082831,0.0019530941355585991,0.2818057524448511,0.2906421642218156,10,1
N192_M96,C03,per_EbNo,2.0,FER,pSA_minus_additive; positive_favors_additive,0.8869999999999999,0.033681514877517686,0.010651030205780308,0.8629056957282186,0.9110943042717812,10,1
N192_M96,C03,per_EbNo,2.0,syndrome_violation_rate,pSA_minus_additive; positive_favors_additive,0.8979999999999999,0.03735713526965838,0.011813363431112892,0.8712763152969092,0.9247236847030906,10,1
N192_M96,C03,per_EbNo,2.5,BER,pSA_minus_additive; positive_favors_additive,0.27845312499999997,0.0040252364168835465,0.0012728915198007053,0.27557364433094655,0.2813326056690534,10,1
N192_M96,C03,per_EbNo,2.5,FER,pSA_minus_additive; positive_favors_additive,0.9629999999999999,0.015670212364724226,0.0049553562491061725,0.9517902053665905,0.9742097946334092,10,1
N192_M96,C03,per_EbNo,2.5,syndrome_violation_rate,pSA_minus_additive; positive_favors_additive,0.966,0.017763883459298985,0.005617433182117577,0.9532924832902184,0.9787075167097815,10,1
N192_M96,C03,per_EbNo,3.0,BER,pSA_minus_additive; positive_favors_additive,0.26290625,0.005300276423900273,0.001676094572801698,0.2591146606565158,0.26669783934348423,10,1
N192_M96,C03,per_EbNo,3.0,FER,pSA_minus_additive; positive_favors_additive,0.9850000000000001,0.015092308563562374,0.004772607021092122,0.9742036128417488,0.9957963871582514,10,1
N192_M96,C03,per_EbNo,3.0,syndrome_violation_rate,pSA_minus_additive; positive_favors_additive,0.9860000000000001,0.012649110640673528,0.0040000000000000036,0.9769513713485837,0.9950486286514165,10,1
N192_M96,C03,pooled_across_EbNo,,BER,pSA_minus_additive; positive_favors_additive,0.2758611111111111,0.0034970581680551526,0.0011058668921150167,0.2733594663999499,0.2783627558222723,10,1
N192_M96,C03,pooled_across_EbNo,,FER,pSA_minus_additive; positive_favors_additive,0.9450000000000001,0.011889408088351492,0.0037597609590419158,0.9364948298158842,0.953505170184116,10,1
N192_M96,C03,pooled_across_EbNo,,syndrome_violation_rate,pSA_minus_additive; positive_favors_additive,0.95,0.012171612389003706,0.0038490017945975096,0.941292953020513,0.9587070469794869,10,1
N192_M96,C04,per_EbNo,2.0,BER,pSA_minus_additive; positive_favors_additive,0.287359375,0.0046393521319349615,0.0014670919604472471,0.2840405824131086,0.29067816758689136,10,1
N192_M96,C04,per_EbNo,2.0,FER,pSA_minus_additive; positive_favors_additive,0.858,0.022010098692292233,0.006960204339273698,0.8422549238989838,0.8737450761010161,10,1
N192_M96,C04,per_EbNo,2.0,syndrome_violation_rate,pSA_minus_additive; positive_favors_additive,0.891,0.026012817353502252,0.00822597511950205,0.8723915514619589,0.9096084485380411,10,1
N192_M96,C04,per_EbNo,2.5,BER,pSA_minus_additive; positive_favors_additive,0.27770833333333333,0.0045539091282946614,0.0014400725102843065,0.27445066298916443,0.28096600367750224,10,1
N192_M96,C04,per_EbNo,2.5,FER,pSA_minus_additive; positive_favors_additive,0.9400000000000001,0.030184617127124704,0.00954521404218423,0.9184072256834974,0.9615927743165027,10,1
N192_M96,C04,per_EbNo,2.5,syndrome_violation_rate,pSA_minus_additive; positive_favors_additive,0.9550000000000001,0.030276503540974917,0.009574271077563382,0.9333414941027832,0.9766585058972169,10,1
N192_M96,C04,per_EbNo,3.0,BER,pSA_minus_additive; positive_favors_additive,0.25898958333333333,0.004652207676515748,0.0014711572405909591,0.25566159444384584,0.2623175722228208,10,1
N192_M96,C04,per_EbNo,3.0,FER,pSA_minus_additive; positive_favors_additive,0.9870000000000001,0.014944341180973278,0.004725815626252613,0.9763094623307449,0.9976905376692553,10,1
N192_M96,C04,per_EbNo,3.0,syndrome_violation_rate,pSA_minus_additive; positive_favors_additive,0.994,0.009660917830792967,0.003055050463303896,0.9870889957115564,1.0009110042884437,10,1
N192_M96,C04,pooled_across_EbNo,,BER,pSA_minus_additive; positive_favors_additive,0.27468576388888893,0.0021305014381496753,0.0006737237102817322,0.27316169497189047,0.2762098328058874,10,1
N192_M96,C04,pooled_across_EbNo,,FER,pSA_minus_additive; positive_favors_additive,0.9283333333333333,0.01199279619162384,0.0037924551479724487,0.9197542037555446,0.9369124629111221,10,1
N192_M96,C04,pooled_across_EbNo,,syndrome_violation_rate,pSA_minus_additive; positive_favors_additive,0.9466666666666665,0.012862041003100238,0.004067334492827358,0.9374657168099936,0.9558676165233395,10,1
N192_M96,C05,per_EbNo,2.0,BER,pSA_minus_additive; positive_favors_additive,0.2911927083333333,0.004732452281924715,0.0014965328128943396,0.2878073159111982,0.2945781007554685,10,1
N192_M96,C05,per_EbNo,2.0,FER,pSA_minus_additive; positive_favors_additive,0.893,0.023593784492248512,0.007461009761866462,0.8761220233250695,0.9098779766749305,10,1
N192_M96,C05,per_EbNo,2.0,syndrome_violation_rate,pSA_minus_additive; positive_favors_additive,0.907,0.022135943621178638,0.006999999999999994,0.8911648998600213,0.9228351001399787,10,1
N192_M96,C05,per_EbNo,2.5,BER,pSA_minus_additive; positive_favors_additive,0.2809010416666667,0.002522211562706925,0.0007975933278966485,0.27909676020692065,0.2827053231264127,10,1
N192_M96,C05,per_EbNo,2.5,FER,pSA_minus_additive; positive_favors_additive,0.962,0.017511900715418277,0.005537749241945387,0.9494727408862433,0.9745272591137566,10,1
N192_M96,C05,per_EbNo,2.5,syndrome_violation_rate,pSA_minus_additive; positive_favors_additive,0.968,0.01475729574745245,0.0046666666666666705,0.9574432665733476,0.9785567334266524,10,1
N192_M96,C05,per_EbNo,3.0,BER,pSA_minus_additive; positive_favors_additive,0.25914583333333335,0.004416292677212693,0.00139655436739149,0.2559866078678235,0.2623050587988432,10,1
N192_M96,C05,per_EbNo,3.0,FER,pSA_minus_additive; positive_favors_additive,0.9869999999999999,0.01159501808728407,0.00366666666666667,0.9787054237362015,0.9952945762637982,10,1
N192_M96,C05,per_EbNo,3.0,syndrome_violation_rate,pSA_minus_additive; positive_favors_additive,0.9889999999999999,0.011972189997378658,0.0037859388972001857,0.9804356112055705,0.9975643887944292,10,1
N192_M96,C05,pooled_across_EbNo,,BER,pSA_minus_additive; positive_favors_additive,0.27707986111111116,0.0027565231392801355,0.0008716891543082782,0.27510796324691045,0.27905175897531187,10,1
N192_M96,C05,pooled_across_EbNo,,FER,pSA_minus_additive; positive_favors_additive,0.9473333333333335,0.010280029783306997,0.00325083085296173,0.939979443034079,0.954687223632588,10,1
N192_M96,C05,pooled_across_EbNo,,syndrome_violation_rate,pSA_minus_additive; positive_favors_additive,0.9546666666666667,0.008635270767878001,0.002730712383876565,0.9484893660877859,0.9608439672455474,10,1
N192_M96,C06,per_EbNo,2.0,BER,pSA_minus_additive; positive_favors_additive,0.28440104166666663,0.005641973811493925,0.001784148774334228,0.2803650167372091,0.28843706659612417,10,1
N192_M96,C06,per_EbNo,2.0,FER,pSA_minus_additive; positive_favors_additive,0.8779999999999999,0.025298221281347056,0.008000000000000007,0.859902742697167,0.8960972573028327,10,1
N192_M96,C06,per_EbNo,2.0,syndrome_violation_rate,pSA_minus_additive; positive_favors_additive,0.9,0.027487370837451064,0.008692269873603529,0.8803367194439669,0.9196632805560332,10,1
N192_M96,C06,per_EbNo,2.5,BER,pSA_minus_additive; positive_favors_additive,0.279765625,0.007380749240156099,0.002333997843745037,0.27448575505968614,0.2850454949403139,10,1
N192_M96,C06,per_EbNo,2.5,FER,pSA_minus_additive; positive_favors_additive,0.9550000000000001,0.030641293851417062,0.009689627902499089,0.9330805388349708,0.9769194611650294,10,1
N192_M96,C06,per_EbNo,2.5,syndrome_violation_rate,pSA_minus_additive; positive_favors_additive,0.9650000000000001,0.019578900207451233,0.006191391873668908,0.9509940985249433,0.9790059014750568,10,1
N192_M96,C06,per_EbNo,3.0,BER,pSA_minus_additive; positive_favors_additive,0.25931249999999995,0.003529031792647737,0.0011159778399913907,0.256787982735677,0.2618370172643229,10,1
N192_M96,C06,per_EbNo,3.0,FER,pSA_minus_additive; positive_favors_additive,0.984,0.01074967699773141,0.0033993463423951926,0.9763101443225288,0.9916898556774711,10,1
N192_M96,C06,per_EbNo,3.0,syndrome_violation_rate,pSA_minus_additive; positive_favors_additive,0.9890000000000001,0.00875595035770914,0.0027688746209726944,0.9827363704431218,0.9952636295568784,10,1
N192_M96,C06,pooled_across_EbNo,,BER,pSA_minus_additive; positive_favors_additive,0.27449305555555553,0.003400186403044079,0.0010752333502754567,0.2720607087304903,0.27692540238062074,10,1
N192_M96,C06,pooled_across_EbNo,,FER,pSA_minus_additive; positive_favors_additive,0.9390000000000001,0.015559523303498052,0.0049203532945521185,0.9278693875509563,0.9501306124490438,10,1
N192_M96,C06,pooled_across_EbNo,,syndrome_violation_rate,pSA_minus_additive; positive_favors_additive,0.9513333333333331,0.012292725943057184,0.0038873012632302003,0.9425396469365451,0.9601270197301212,10,1
N192_M96,C07,per_EbNo,2.0,BER,pSA_minus_additive; positive_favors_additive,0.28624479166666666,0.006135056562877531,0.0019400752312657018,0.2818560365857831,0.2906335467475502,10,1
N192_M96,C07,per_EbNo,2.0,FER,pSA_minus_additive; positive_favors_additive,0.8800000000000001,0.025385910352879716,0.00802772971919487,0.8618400137142668,0.8981599862857335,10,1
N192_M96,C07,per_EbNo,2.0,syndrome_violation_rate,pSA_minus_additive; positive_favors_additive,0.89,0.029439202887759496,0.00930949336251263,0.8689404629074494,0.9110595370925506,10,1
N192_M96,C07,per_EbNo,2.5,BER,pSA_minus_additive; positive_favors_additive,0.27925520833333334,0.0034916168411653088,0.001104146193468474,0.27675745611294056,0.2817529605537261,10,1
N192_M96,C07,per_EbNo,2.5,FER,pSA_minus_additive; positive_favors_additive,0.9530000000000001,0.023118054512532932,0.0073105707331537675,0.9364623400514447,0.9695376599485555,10,1
N192_M96,C07,per_EbNo,2.5,syndrome_violation_rate,pSA_minus_additive; positive_favors_additive,0.961,0.0191195071996,0.006046119049072357,0.9473227284856723,0.9746772715143276,10,1
N192_M96,C07,per_EbNo,3.0,BER,pSA_minus_additive; positive_favors_additive,0.25967708333333334,0.0036196813365813045,0.0011446437427599478,0.2570877192917328,0.2622664473749339,10,1
N192_M96,C07,per_EbNo,3.0,FER,pSA_minus_additive; positive_favors_additive,0.99,0.009428090415820642,0.002981423969999722,0.9832555504107602,0.9967444495892398,10,1
N192_M96,C07,per_EbNo,3.0,syndrome_violation_rate,pSA_minus_additive; positive_favors_additive,0.993,0.006749485577105535,0.0021343747458109513,0.9881717088805488,0.9978282911194511,10,1
N192_M96,C07,pooled_across_EbNo,,BER,pSA_minus_additive; positive_favors_additive,0.27505902777777774,0.0025789182411255674,0.0008155255541312111,0.2732141808040093,0.2769038747515462,10,1
N192_M96,C07,pooled_across_EbNo,,FER,pSA_minus_additive; positive_favors_additive,0.9410000000000001,0.011444983806060524,0.0036192216610894065,0.9328127517954099,0.9491872482045902,10,1
N192_M96,C07,pooled_across_EbNo,,syndrome_violation_rate,pSA_minus_additive; positive_favors_additive,0.9480000000000001,0.013259052346823398,0.004192880503136275,0.938515045336839,0.9574849546631611,10,1
N192_M96,C08,per_EbNo,2.0,BER,pSA_minus_additive; positive_favors_additive,0.28594791666666663,0.0061220408101021005,0.0019359592888425,0.28156847249441763,0.29032736083891564,10,1
N192_M96,C08,per_EbNo,2.0,FER,pSA_minus_additive; positive_favors_additive,0.893,0.024517567397911052,0.0077531355664086695,0.8754611888438698,0.9105388111561302,10,1
N192_M96,C08,per_EbNo,2.0,syndrome_violation_rate,pSA_minus_additive; positive_favors_additive,0.9019999999999999,0.018737959096740253,0.005925462944877056,0.8885956715560197,0.9154043284439801,10,1
N192_M96,C08,per_EbNo,2.5,BER,pSA_minus_additive; positive_favors_additive,0.2796041666666667,0.00353111513726958,0.0011166366514069991,0.2770781590673809,0.2821301742659525,10,1
N192_M96,C08,per_EbNo,2.5,FER,pSA_minus_additive; positive_favors_additive,0.958,0.022997584414213783,0.007272474743090475,0.9415485191682423,0.9744514808317576,10,1
N192_M96,C08,per_EbNo,2.5,syndrome_violation_rate,pSA_minus_additive; positive_favors_additive,0.9650000000000001,0.0177951304200522,0.005627314338711382,0.9522701305610526,0.9777298694389476,10,1
N192_M96,C08,per_EbNo,3.0,BER,pSA_minus_additive; positive_favors_additive,0.25944270833333327,0.005142351146925602,0.0016261542152664072,0.255764091927363,0.26312132473930355,10,1
N192_M96,C08,per_EbNo,3.0,FER,pSA_minus_additive; positive_favors_additive,0.9890000000000001,0.009944289260117542,0.0031446603773522042,0.9818862840026293,0.9961137159973709,10,1
N192_M96,C08,per_EbNo,3.0,syndrome_violation_rate,pSA_minus_additive; positive_favors_additive,0.99,0.008164965809277266,0.002581988897471613,0.9841591353211748,0.9958408646788252,10,1
N192_M96,C08,pooled_across_EbNo,,BER,pSA_minus_additive; positive_favors_additive,0.27499826388888887,0.0028045876594456356,0.0008868884901448856,0.27299198273825476,0.277004545039523,10,1
N192_M96,C08,pooled_across_EbNo,,FER,pSA_minus_additive; positive_favors_additive,0.9466666666666667,0.013877773329774239,0.0043885372573625615,0.9367391056754718,0.9565942276578615,10,1
N192_M96,C08,pooled_across_EbNo,,syndrome_violation_rate,pSA_minus_additive; positive_favors_additive,0.9523333333333334,0.009944289260117532,0.003144660377352201,0.9452196173359626,0.9594470493307041,10,1
N192_M96,C09,per_EbNo,2.0,BER,pSA_minus_additive; positive_favors_additive,0.28828645833333333,0.004688814759032559,0.0014827334165156444,0.28493228231455936,0.2916406343521073,10,1
N192_M96,C09,per_EbNo,2.0,FER,pSA_minus_additive; positive_favors_additive,0.877,0.02710063549890382,0.008569973421454968,0.8576133732391864,0.8963866267608136,10,1
N192_M96,C09,per_EbNo,2.0,syndrome_violation_rate,pSA_minus_additive; positive_favors_additive,0.89,0.025385910352879716,0.00802772971919487,0.8718400137142666,0.9081599862857335,10,1
N192_M96,C09,per_EbNo,2.5,BER,pSA_minus_additive; positive_favors_additive,0.27739583333333334,0.007942096401746172,0.002511511402614559,0.27171439982431905,0.28307726684234763,10,1
N192_M96,C09,per_EbNo,2.5,FER,pSA_minus_additive; positive_favors_additive,0.96,0.01763834207376395,0.005577733510227174,0.9473822901873482,0.9726177098126517,10,1
N192_M96,C09,per_EbNo,2.5,syndrome_violation_rate,pSA_minus_additive; positive_favors_additive,0.961,0.017288403306519935,0.005467073155618913,0.9486326213011693,0.9733673786988306,10,1
N192_M96,C09,per_EbNo,3.0,BER,pSA_minus_additive; positive_favors_additive,0.25878645833333336,0.0029939788550764697,0.0009467792448424821,0.25664469488297137,0.26092822178369535,10,1
N192_M96,C09,per_EbNo,3.0,FER,pSA_minus_additive; positive_favors_additive,0.993,0.009486832980505146,0.0030000000000000027,0.9862135285114377,0.9997864714885623,10,1
N192_M96,C09,per_EbNo,3.0,syndrome_violation_rate,pSA_minus_additive; positive_favors_additive,0.993,0.009486832980505146,0.0030000000000000027,0.9862135285114377,0.9997864714885623,10,1
N192_M96,C09,pooled_across_EbNo,,BER,pSA_minus_additive; positive_favors_additive,0.27482291666666664,0.0030628660967877423,0.0009685633033958999,0.27263187425221197,0.2770139590811213,10,1
N192_M96,C09,pooled_across_EbNo,,FER,pSA_minus_additive; positive_favors_additive,0.9433333333333334,0.010772621905369624,0.003406602159279088,0.935627063857726,0.9510396028089407,10,1
N192_M96,C09,pooled_across_EbNo,,syndrome_violation_rate,pSA_minus_additive; positive_favors_additive,0.9480000000000001,0.01032795558988647,0.0032659863237109116,0.9406118256440339,0.9553881743559662,10,1
N288_M144,C00,per_EbNo,2.0,BER,pSA_minus_additive; positive_favors_additive,0.3086597222222222,0.005055319193023015,0.0015986322949117118,0.3050433647255178,0.3122760797189266,10,1
N288_M144,C00,per_EbNo,2.0,FER,pSA_minus_additive; positive_favors_additive,0.837,0.030203016773531433,0.009551032521262928,0.8153940633693726,0.8586059366306273,10,1
N288_M144,C00,per_EbNo,2.0,syndrome_violation_rate,pSA_minus_additive; positive_favors_additive,0.8379999999999999,0.03011090610836322,0.00952190457139046,0.8164599553698157,0.859540044630184,10,1
N288_M144,C00,per_EbNo,2.5,BER,pSA_minus_additive; positive_favors_additive,0.3197604166666667,0.0026717541049707436,0.0008448828319612145,0.31784915891657317,0.32167167441676026,10,1
N288_M144,C00,per_EbNo,2.5,FER,pSA_minus_additive; positive_favors_additive,0.96,0.022607766610417582,0.007149203529842412,0.9438273780262652,0.9761726219737348,10,1
N288_M144,C00,per_EbNo,2.5,syndrome_violation_rate,pSA_minus_additive; positive_favors_additive,0.961,0.023781411975649314,0.007520342781785658,0.9439878027090655,0.9780121972909345,10,1
N288_M144,C00,per_EbNo,3.0,BER,pSA_minus_additive; positive_favors_additive,0.31678124999999996,0.00347426830147358,0.0010986601035181042,0.3142959081772845,0.31926659182271544,10,1
N288_M144,C00,per_EbNo,3.0,FER,pSA_minus_additive; positive_favors_additive,0.991,0.008755950357709139,0.0027688746209726936,0.9847363704431217,0.9972636295568783,10,1
N288_M144,C00,per_EbNo,3.0,syndrome_violation_rate,pSA_minus_additive; positive_favors_additive,0.993,0.008232726023485654,0.0026034165586355535,0.9871106625839896,0.9988893374160104,10,1
N288_M144,C00,pooled_across_EbNo,,BER,pSA_minus_additive; positive_favors_additive,0.31506712962962957,0.0023304883469890724,0.0007369651236966277,0.3133999986962856,0.31673426056297355,10,1
N288_M144,C00,pooled_across_EbNo,,FER,pSA_minus_additive; positive_favors_additive,0.9293333333333335,0.011088866622110788,0.003506607519568774,0.921400836015623,0.937265830651044,10,1
N288_M144,C00,pooled_across_EbNo,,syndrome_violation_rate,pSA_minus_additive; positive_favors_additive,0.9306666666666666,0.01235283743083313,0.003906310184721536,0.921829979101969,0.9395033542313643,10,1
N288_M144,C01,per_EbNo,2.0,BER,pSA_minus_additive; positive_favors_additive,0.30995833333333334,0.005552801207653198,0.0017559499210317705,0.3059860986418582,0.31393056802480845,10,1
N288_M144,C01,per_EbNo,2.0,FER,pSA_minus_additive; positive_favors_additive,0.829,0.04175324338699131,0.013203534880225572,0.7991315289957037,0.8588684710042962,10,1
N288_M144,C01,per_EbNo,2.0,syndrome_violation_rate,pSA_minus_additive; positive_favors_additive,0.834,0.04376706016578627,0.013840359661351128,0.8026909312555975,0.8653090687444024,10,1
N288_M144,C01,per_EbNo,2.5,BER,pSA_minus_additive; positive_favors_additive,0.31719791666666663,0.004985593367407444,0.0015765830528436202,0.31363143802084203,0.32076439531249124,10,1
N288_M144,C01,per_EbNo,2.5,FER,pSA_minus_additive; positive_favors_additive,0.952,0.019321835661585907,0.006110100926607783,0.9381779914231126,0.9658220085768873,10,1
N288_M144,C01,per_EbNo,2.5,syndrome_violation_rate,pSA_minus_additive; positive_favors_additive,0.9549999999999998,0.015811388300841882,0.004999999999999995,0.9436892141857294,0.9663107858142703,10,1
N288_M144,C01,per_EbNo,3.0,BER,pSA_minus_additive; positive_favors_additive,0.3158020833333333,0.004194334898107563,0.0013263651547550162,0.31280163689794416,0.3188025297687225,10,1
N288_M144,C01,per_EbNo,3.0,FER,pSA_minus_additive; positive_favors_additive,0.984,0.008432740427115686,0.0026666666666666687,0.9779675808990557,0.9900324191009443,10,1
N288_M144,C01,per_EbNo,3.0,syndrome_violation_rate,pSA_minus_additive; positive_favors_additive,0.9880000000000001,0.009189365834726824,0.0029059326290271185,0.9814263236884749,0.9945736763115253,10,1
N288_M144,C01,pooled_across_EbNo,,BER,pSA_minus_additive; positive_favors_additive,0.3143194444444445,0.00346933521954412,0.0010971001260399729,0.311837631535955,0.31680125735293396,10,1
N288_M144,C01,pooled_across_EbNo,,FER,pSA_minus_additive; positive_favors_additive,0.9216666666666666,0.01694216742441879,0.0053575837561071985,0.909546970197198,0.9337863631361353,10,1
N288_M144,C01,pooled_across_EbNo,,syndrome_violation_rate,pSA_minus_additive; positive_favors_additive,0.9256666666666667,0.017072828748672005,0.005398902494780595,0.913453500716548,0.9378798326167855,10,1
N288_M144,C02,per_EbNo,2.0,BER,pSA_minus_additive; positive_favors_additive,0.3100694444444444,0.004265482068546531,0.0013488638655213504,0.3070181023893402,0.3131207864995486,10,1
N288_M144,C02,per_EbNo,2.0,FER,pSA_minus_additive; positive_favors_additive,0.8320000000000001,0.0161932770686548,0.005120763831912397,0.8204160274183553,0.8435839725816449,10,1
N288_M144,C02,per_EbNo,2.0,syndrome_violation_rate,pSA_minus_additive; positive_favors_additive,0.833,0.01636391694484474,0.005174724898753332,0.8212939590044857,0.8447060409955143,10,1
N288_M144,C02,per_EbNo,2.5,BER,pSA_minus_additive; positive_favors_additive,0.3190486111111111,0.004122327094686089,0.0013035942879432638,0.31609967595518457,0.32199754626703764,10,1
N288_M144,C02,per_EbNo,2.5,FER,pSA_minus_additive; positive_favors_additive,0.9549999999999998,0.011785113019775802,0.0037267799624996524,0.9465694380134502,0.9634305619865495,10,1
N288_M144,C02,per_EbNo,2.5,syndrome_violation_rate,pSA_minus_additive; positive_favors_additive,0.9549999999999998,0.011785113019775802,0.0037267799624996524,0.9465694380134502,0.9634305619865495,10,1
N288_M144,C02,per_EbNo,3.0,BER,pSA_minus_additive; positive_favors_additive,0.31645138888888885,0.0035231907331830362,0.0011141307348056968,0.3139310500667922,0.3189717277109855,10,1
N288_M144,C02,per_EbNo,3.0,FER,pSA_minus_additive; positive_favors_additive,0.992,0.011352924243950943,0.003590109871423005,0.9838786072389273,1.0001213927610728,10,1
N288_M144,C02,per_EbNo,3.0,syndrome_violation_rate,pSA_minus_additive; positive_favors_additive,0.993,0.010593499054713811,0.0033499585403736327,0.9854218672926295,1.0005781327073704,10,1
N288_M144,C02,pooled_across_EbNo,,BER,pSA_minus_additive; positive_favors_additive,0.3151898148148148,0.001028135712336279,0.0003251250594742318,0.3144543308327018,0.31592529879692777,10,1
N288_M144,C02,pooled_across_EbNo,,FER,pSA_minus_additive; positive_favors_additive,0.9263333333333333,0.00637316906653331,0.002015373016357445,0.9217742428285575,0.9308924238381092,10,1
N288_M144,C02,pooled_across_EbNo,,syndrome_violation_rate,pSA_minus_additive; positive_favors_additive,0.9269999999999999,0.00656402466121861,0.0020757268546965925,0.9223043796275194,0.9316956203724804,10,1
N288_M144,C03,per_EbNo,2.0,BER,pSA_minus_additive; positive_favors_additive,0.31322222222222224,0.00313145766248031,0.0009902538609824576,0.31098211235755685,0.3154623320868876,10,1
N288_M144,C03,per_EbNo,2.0,FER,pSA_minus_additive; positive_favors_additive,0.8460000000000001,0.03893013685508383,0.012310790208412926,0.8181510577496447,0.8738489422503555,10,1
N288_M144,C03,per_EbNo,2.0,syndrome_violation_rate,pSA_minus_additive; positive_favors_additive,0.8470000000000001,0.037727090178455776,0.011930353445448856,0.8200116654979969,0.8739883345020033,10,1
N288_M144,C03,per_EbNo,2.5,BER,pSA_minus_additive; positive_favors_additive,0.31909027777777776,0.003143284982870475,0.000993993988087405,0.3168417071577919,0.3213388483977636,10,1
N288_M144,C03,per_EbNo,2.5,FER,pSA_minus_additive; positive_favors_additive,0.9559999999999998,0.023664319132398446,0.007483314773547876,0.9390715658831266,0.9729284341168731,10,1
N288_M144,C03,per_EbNo,2.5,syndrome_violation_rate,pSA_minus_additive; positive_favors_additive,0.9569999999999999,0.022135943621178655,0.006999999999999999,0.9411648998600212,0.9728351001399785,10,1
N288_M144,C03,per_EbNo,3.0,BER,pSA_minus_additive; positive_favors_additive,0.31547916666666664,0.002410899354927214,0.0007623933171000685,0.31375451316347663,0.31720382016985665,10,1
N288_M144,C03,per_EbNo,3.0,FER,pSA_minus_additive; positive_favors_additive,0.992,0.009189365834726822,0.002905932629027118,0.9854263236884748,0.9985736763115252,10,1
N288_M144,C03,per_EbNo,3.0,syndrome_violation_rate,pSA_minus_additive; positive_favors_additive,0.992,0.009189365834726822,0.002905932629027118,0.9854263236884748,0.9985736763115252,10,1
N288_M144,C03,pooled_across_EbNo,,BER,pSA_minus_additive; positive_favors_additive,0.3159305555555556,0.0013174033017193932,0.00041659950304592997,0.3149881420056988,0.3168729691054124,10,1
N288_M144,C03,pooled_across_EbNo,,FER,pSA_minus_additive; positive_favors_additive,0.9313333333333332,0.014418780620007426,0.004559618784151826,0.92101875904088,0.9416479076257864,10,1
N288_M144,C03,pooled_across_EbNo,,syndrome_violation_rate,pSA_minus_additive; positive_favors_additive,0.932,0.013716710544009752,0.00433760473243181,0.9221876563848996,0.9418123436151005,10,1
N288_M144,C04,per_EbNo,2.0,BER,pSA_minus_additive; positive_favors_additive,0.3100034722222222,0.008022953296612331,0.0025370805978451425,0.30426419717506864,0.31574274726937573,10,1
N288_M144,C04,per_EbNo,2.0,FER,pSA_minus_additive; positive_favors_additive,0.8320000000000001,0.044919681407794704,0.014204850501775008,0.7998663956901381,0.8641336043098621,10,1
N288_M144,C04,per_EbNo,2.0,syndrome_violation_rate,pSA_minus_additive; positive_favors_additive,0.833,0.046678569910494135,0.01476105988365635,0.7996081626528685,0.8663918373471314,10,1
N288_M144,C04,per_EbNo,2.5,BER,pSA_minus_additive; positive_favors_additive,0.31743402777777785,0.003283711884263684,0.0010384008734036462,0.3150850018040938,0.3197830537514619,10,1
N288_M144,C04,per_EbNo,2.5,FER,pSA_minus_additive; positive_favors_additive,0.959,0.028848262031225078,0.009122621455602673,0.938363196530202,0.979636803469798,10,1
N288_M144,C04,per_EbNo,2.5,syndrome_violation_rate,pSA_minus_additive; positive_favors_additive,0.959,0.028848262031225078,0.009122621455602673,0.938363196530202,0.979636803469798,10,1
N288_M144,C04,per_EbNo,3.0,BER,pSA_minus_additive; positive_favors_additive,0.31625694444444447,0.003678910067763839,0.0011633735121058125,0.31362521072095956,0.3188886781679294,10,1
N288_M144,C04,per_EbNo,3.0,FER,pSA_minus_additive; positive_favors_additive,0.994,0.009660917830792967,0.003055050463303896,0.9870889957115564,1.0009110042884437,10,1
N288_M144,C04,per_EbNo,3.0,syndrome_violation_rate,pSA_minus_additive; positive_favors_additive,0.994,0.009660917830792967,0.003055050463303896,0.9870889957115564,1.0009110042884437,10,1
N288_M144,C04,pooled_across_EbNo,,BER,pSA_minus_additive; positive_favors_additive,0.3145648148148148,0.0032140944139236968,0.0010163858962822885,0.31226559017931593,0.31686403945031366,10,1
N288_M144,C04,pooled_across_EbNo,,FER,pSA_minus_additive; positive_favors_additive,0.9283333333333333,0.01758576865704933,0.005561108336107638,0.9157532322773998,0.9409134343892669,10,1
N288_M144,C04,pooled_across_EbNo,,syndrome_violation_rate,pSA_minus_additive; positive_favors_additive,0.9286666666666668,0.018067090332602523,0.0057133156143033045,0.9157422488261243,0.9415910845072092,10,1
N288_M144,C05,per_EbNo,2.0,BER,pSA_minus_additive; positive_favors_additive,0.3080173611111111,0.006864069008346096,0.002170609208294698,0.3031071019428102,0.312927620279412,10,1
N288_M144,C05,per_EbNo,2.0,FER,pSA_minus_additive; positive_favors_additive,0.8290000000000001,0.026012817353502204,0.008225975119502035,0.810391551461959,0.8476084485380412,10,1
N288_M144,C05,per_EbNo,2.0,syndrome_violation_rate,pSA_minus_additive; positive_favors_additive,0.8320000000000001,0.02529822128134701,0.007999999999999991,0.8139027426971673,0.8500972573028328,10,1
N288_M144,C05,per_EbNo,2.5,BER,pSA_minus_additive; positive_favors_additive,0.3185451388888889,0.002979754305479234,0.0009422810473007526,0.31641355106831587,0.32067672670946196,10,1
N288_M144,C05,per_EbNo,2.5,FER,pSA_minus_additive; positive_favors_additive,0.962,0.015491933384829681,0.00489897948556636,0.9509177384660508,0.9730822615339492,10,1
N288_M144,C05,per_EbNo,2.5,syndrome_violation_rate,pSA_minus_additive; positive_favors_additive,0.9629999999999999,0.014944341180973276,0.004725815626252613,0.9523094623307446,0.9736905376692551,10,1
N288_M144,C05,per_EbNo,3.0,BER,pSA_minus_additive; positive_favors_additive,0.3169027777777778,0.00306897655782556,0.0009704956008392217,0.31470736420282097,0.31909819135273465,10,1
N288_M144,C05,per_EbNo,3.0,FER,pSA_minus_additive; positive_favors_additive,0.9949999999999999,0.0052704627669473035,0.001666666666666668,0.9912297380619097,0.99877026193809,10,1
N288_M144,C05,per_EbNo,3.0,syndrome_violation_rate,pSA_minus_additive; positive_favors_additive,0.9949999999999999,0.0052704627669473035,0.001666666666666668,0.9912297380619097,0.99877026193809,10,1
N288_M144,C05,pooled_across_EbNo,,BER,pSA_minus_additive; positive_favors_additive,0.31448842592592585,0.002761099622402002,0.0008731363653421198,0.31251325424291876,0.31646359760893294,10,1
N288_M144,C05,pooled_across_EbNo,,FER,pSA_minus_additive; positive_favors_additive,0.9286666666666668,0.01068054652506481,0.003377485367460146,0.9210262639502319,0.9363070693831016,10,1
N288_M144,C05,pooled_across_EbNo,,syndrome_violation_rate,pSA_minus_additive; positive_favors_additive,0.93,0.011331154474650622,0.003583225665910463,0.921894180393738,0.938105819606262,10,1
N288_M144,C06,per_EbNo,2.0,BER,pSA_minus_additive; positive_favors_additive,0.3085590277777778,0.007945418502241045,0.0025125619430325357,0.3028752177812321,0.31424283777432344,10,1
N288_M144,C06,per_EbNo,2.0,FER,pSA_minus_additive; positive_favors_additive,0.837,0.03973523485382826,0.012565384549980506,0.8085751253362453,0.8654248746637546,10,1
N288_M144,C06,per_EbNo,2.0,syndrome_violation_rate,pSA_minus_additive; positive_favors_additive,0.8380000000000001,0.04131182235954577,0.013063945294843613,0.8084473025761355,0.8675526974238646,10,1
N288_M144,C06,per_EbNo,2.5,BER,pSA_minus_additive; positive_favors_additive,0.3178020833333333,0.004412988182521471,0.0013955093944174703,0.31464522176092163,0.320958944905745,10,1
N288_M144,C06,per_EbNo,2.5,FER,pSA_minus_additive; positive_favors_additive,0.946,0.010749676997731408,0.003399346342395192,0.9383101443225288,0.9536898556774711,10,1
N288_M144,C06,per_EbNo,2.5,syndrome_violation_rate,pSA_minus_additive; positive_favors_additive,0.9469999999999998,0.011595018087284067,0.0036666666666666696,0.9387054237362015,0.9552945762637982,10,1
N288_M144,C06,per_EbNo,3.0,BER,pSA_minus_additive; positive_favors_additive,0.31672569444444443,0.002723232305832449,0.0008611616684182777,0.31477761140785665,0.3186737774810322,10,1
N288_M144,C06,per_EbNo,3.0,FER,pSA_minus_additive; positive_favors_additive,0.9950000000000001,0.007071067811865481,0.0022360679774997916,0.9899416628080703,1.00005833719193,10,1
N288_M144,C06,per_EbNo,3.0,syndrome_violation_rate,pSA_minus_additive; positive_favors_additive,0.9950000000000001,0.007071067811865481,0.0022360679774997916,0.9899416628080703,1.00005833719193,10,1
N288_M144,C06,pooled_across_EbNo,,BER,pSA_minus_additive; positive_favors_additive,0.3143622685185185,0.0035245223120177723,0.0011145518170058808,0.3118409771423066,0.31688355989473044,10,1
N288_M144,C06,pooled_across_EbNo,,FER,pSA_minus_additive; positive_favors_additive,0.9260000000000002,0.013770607453181906,0.004354648431614532,0.9161491008587119,0.9358508991412884,10,1
N288_M144,C06,pooled_across_EbNo,,syndrome_violation_rate,pSA_minus_additive; positive_favors_additive,0.9266666666666667,0.013877773329774211,0.004388537257362553,0.916739105675472,0.9365942276578615,10,1
N288_M144,C07,per_EbNo,2.0,BER,pSA_minus_additive; positive_favors_additive,0.31072916666666667,0.0055495723954455,0.0017549288809604424,0.3067592417283025,0.31469909160503085,10,1
N288_M144,C07,per_EbNo,2.0,FER,pSA_minus_additive; positive_favors_additive,0.8400000000000001,0.03620926830400071,0.011450376024878441,0.8140974498579485,0.8659025501420516,10,1
N288_M144,C07,per_EbNo,2.0,syndrome_violation_rate,pSA_minus_additive; positive_favors_additive,0.841,0.03604010112206801,0.011396880664852501,0.8152184647698105,0.8667815352301894,10,1
N288_M144,C07,per_EbNo,2.5,BER,pSA_minus_additive; positive_favors_additive,0.3194652777777777,0.0032818653890887644,0.0010378169603595204,0.31711757270716895,0.3218129828483865,10,1
N288_M144,C07,per_EbNo,2.5,FER,pSA_minus_additive; positive_favors_additive,0.9569999999999999,0.018885620632287076,0.005972157622389644,0.9434900408568174,0.9705099591431823,10,1
N288_M144,C07,per_EbNo,2.5,syndrome_violation_rate,pSA_minus_additive; positive_favors_additive,0.958,0.019321835661585934,0.006110100926607792,0.9441779914231127,0.9718220085768873,10,1
N288_M144,C07,per_EbNo,3.0,BER,pSA_minus_additive; positive_favors_additive,0.3163576388888888,0.0044262458358155015,0.0013997018325012675,0.31319129336263607,0.3195239844151415,10,1
N288_M144,C07,per_EbNo,3.0,FER,pSA_minus_additive; positive_favors_additive,0.9970000000000001,0.004830458915396484,0.001527525231651948,0.9935444978557783,1.0004555021442219,10,1
N288_M144,C07,per_EbNo,3.0,syndrome_violation_rate,pSA_minus_additive; positive_favors_additive,0.9970000000000001,0.004830458915396484,0.001527525231651948,0.9935444978557783,1.0004555021442219,10,1
N288_M144,C07,pooled_across_EbNo,,BER,pSA_minus_additive; positive_favors_additive,0.31551736111111117,0.002501529941187657,0.0007910532249260047,0.313727874392146,0.31730684783007634,10,1
N288_M144,C07,pooled_across_EbNo,,FER,pSA_minus_additive; positive_favors_additive,0.9313333333333332,0.014923674124782944,0.004719280129243399,0.9206575799854503,0.9420090866812162,10,1
N288_M144,C07,pooled_across_EbNo,,syndrome_violation_rate,pSA_minus_additive; positive_favors_additive,0.9319999999999998,0.014840718095167998,0.004693047129320638,0.9213835898207953,0.9426164101792044,10,1
N288_M144,C08,per_EbNo,2.0,BER,pSA_minus_additive; positive_favors_additive,0.3120381944444444,0.005888555169396357,0.0018621246462851126,0.3078257758377234,0.3162506130511654,10,1
N288_M144,C08,per_EbNo,2.0,FER,pSA_minus_additive; positive_favors_additive,0.8440000000000001,0.025473297566057037,0.008055363982396372,0.8257775006678252,0.862222499332175,10,1
N288_M144,C08,per_EbNo,2.0,syndrome_violation_rate,pSA_minus_additive; positive_favors_additive,0.8460000000000001,0.02366431913239845,0.007483314773547877,0.8290715658831268,0.8629284341168734,10,1
N288_M144,C08,per_EbNo,2.5,BER,pSA_minus_additive; positive_favors_additive,0.316,0.002676130166497587,0.0008462666641218004,0.31408561180407224,0.31791438819592777,10,1
N288_M144,C08,per_EbNo,2.5,FER,pSA_minus_additive; positive_favors_additive,0.9579999999999999,0.013984117975602034,0.0044221663871405375,0.9479963646319972,0.9680036353680025,10,1
N288_M144,C08,per_EbNo,2.5,syndrome_violation_rate,pSA_minus_additive; positive_favors_additive,0.959,0.0128668393770792,0.004068851871911238,0.9497956175933636,0.9682043824066363,10,1
N288_M144,C08,per_EbNo,3.0,BER,pSA_minus_additive; positive_favors_additive,0.31720138888888894,0.0029164461997804813,0.0009222612664648781,0.31511508895893253,0.31928768881884534,10,1
N288_M144,C08,per_EbNo,3.0,FER,pSA_minus_additive; positive_favors_additive,0.9949999999999999,0.007071067811865481,0.0022360679774997916,0.98994166280807,1.0000583371919298,10,1
N288_M144,C08,per_EbNo,3.0,syndrome_violation_rate,pSA_minus_additive; positive_favors_additive,0.9949999999999999,0.007071067811865481,0.0022360679774997916,0.98994166280807,1.0000583371919298,10,1
N288_M144,C08,pooled_across_EbNo,,BER,pSA_minus_additive; positive_favors_additive,0.3150798611111111,0.002368716883768442,0.0007490540484804603,0.31338538312997616,0.316774339092246,10,1
N288_M144,C08,pooled_across_EbNo,,FER,pSA_minus_additive; positive_favors_additive,0.9323333333333332,0.008755950357709118,0.002768874620972687,0.9260697037764549,0.9385969628902116,10,1
N288_M144,C08,pooled_across_EbNo,,syndrome_violation_rate,pSA_minus_additive; positive_favors_additive,0.9333333333333332,0.008606629658238702,0.002721655269759086,0.9271765213700282,0.9394901452966383,10,1
N288_M144,C09,per_EbNo,2.0,BER,pSA_minus_additive; positive_favors_additive,0.30966666666666665,0.004451738565068115,0.0014077633413224935,0.30648208474049055,0.31285124859284275,10,1
N288_M144,C09,per_EbNo,2.0,FER,pSA_minus_additive; positive_favors_additive,0.835,0.037490739597339964,0.011855612829185822,0.8081807405184324,0.8618192594815676,10,1
N288_M144,C09,per_EbNo,2.0,syndrome_violation_rate,pSA_minus_additive; positive_favors_additive,0.837,0.035916569992135924,0.01135781669160054,0.811306833616712,0.862693166383288,10,1
N288_M144,C09,per_EbNo,2.5,BER,pSA_minus_additive; positive_favors_additive,0.3180868055555556,0.0036109052202700736,0.0011418684911045434,0.315503719569366,0.32066989154174513,10,1
N288_M144,C09,per_EbNo,2.5,FER,pSA_minus_additive; positive_favors_additive,0.953,0.017029386365926394,0.005385164807134501,0.9408179108583908,0.9651820891416091,10,1
N288_M144,C09,per_EbNo,2.5,syndrome_violation_rate,pSA_minus_additive; positive_favors_additive,0.953,0.017029386365926394,0.005385164807134501,0.9408179108583908,0.9651820891416091,10,1
N288_M144,C09,per_EbNo,3.0,BER,pSA_minus_additive; positive_favors_additive,0.3168229166666667,0.002101212503714979,0.0006644617359764345,0.31531979979118513,0.3183260335421482,10,1
N288_M144,C09,per_EbNo,3.0,FER,pSA_minus_additive; positive_favors_additive,0.994,0.006992058987801016,0.0022110831935702683,0.9889981823159987,0.9990018176840013,10,1
N288_M144,C09,per_EbNo,3.0,syndrome_violation_rate,pSA_minus_additive; positive_favors_additive,0.994,0.006992058987801016,0.0022110831935702683,0.9889981823159987,0.9990018176840013,10,1
N288_M144,C09,pooled_across_EbNo,,BER,pSA_minus_additive; positive_favors_additive,0.31485879629629626,0.0017605346524883691,0.0005567299401516271,0.3135993856744069,0.3161182069181856,10,1
N288_M144,C09,pooled_across_EbNo,,FER,pSA_minus_additive; positive_favors_additive,0.9273333333333331,0.012151309435104255,0.0038425814368423434,0.9186408102121301,0.9360258564545362,10,1
N288_M144,C09,pooled_across_EbNo,,syndrome_violation_rate,pSA_minus_additive; positive_favors_additive,0.9279999999999999,0.011884215072996368,0.0037581187833972737,0.9194985446752812,0.9365014553247186,10,1
N96_M48,C00,per_EbNo,2.0,BER,pSA_minus_additive; positive_favors_additive,0.034583333333333334,0.004988895848794946,0.001577627389155102,0.031014492234641308,0.03815217443202536,10,1
N96_M48,C00,per_EbNo,2.0,FER,pSA_minus_additive; positive_favors_additive,0.305,0.04478342947514802,0.01416176385749867,0.2729638644511111,0.3370361355488889,10,1
N96_M48,C00,per_EbNo,2.0,syndrome_violation_rate,pSA_minus_additive; positive_favors_additive,0.34099999999999997,0.04532597979574679,0.014333333333333339,0.30857574733242454,0.3734242526675754,10,1
N96_M48,C00,per_EbNo,2.5,BER,pSA_minus_additive; positive_favors_additive,0.018583333333333334,0.004601762192658131,0.0014552049779250266,0.015291430969099294,0.021875235697567372,10,1
N96_M48,C00,per_EbNo,2.5,FER,pSA_minus_additive; positive_favors_additive,0.186,0.04575295983139597,0.014468356276140468,0.15327030421520377,0.21872969578479623,10,1
N96_M48,C00,per_EbNo,2.5,syndrome_violation_rate,pSA_minus_additive; positive_favors_additive,0.176,0.027968235951204054,0.00884433277428107,0.1559927292639948,0.19600727073600518,10,1
N96_M48,C00,per_EbNo,3.0,BER,pSA_minus_additive; positive_favors_additive,0.00728125,0.0030742209253466976,0.0009721540154646024,0.005082084830519376,0.009480415169480625,10,1
N96_M48,C00,per_EbNo,3.0,FER,pSA_minus_additive; positive_favors_additive,0.093,0.0478539444560216,0.015132745950421555,0.058767350354602524,0.1272326496453975,10,1
N96_M48,C00,per_EbNo,3.0,syndrome_violation_rate,pSA_minus_additive; positive_favors_additive,0.06100000000000001,0.026012817353502228,0.008225975119502044,0.04239155146195886,0.07960844853804117,10,1
N96_M48,C00,pooled_across_EbNo,,BER,pSA_minus_additive; positive_favors_additive,0.02014930555555556,0.002386396134294066,0.0007546447183790305,0.01844218060046442,0.021856430510646698,10,1
N96_M48,C00,pooled_across_EbNo,,FER,pSA_minus_additive; positive_favors_additive,0.1946666666666667,0.031277333724892074,0.009890761370785725,0.17229220998566316,0.21704112334767026,10,1
N96_M48,C00,pooled_across_EbNo,,syndrome_violation_rate,pSA_minus_additive; positive_favors_additive,0.19266666666666668,0.01824388955713226,0.005769224438109853,0.17961577427988357,0.2057175590534498,10,1
N96_M48,C01,per_EbNo,2.0,BER,pSA_minus_additive; positive_favors_additive,0.033875,0.007193418792184498,0.0022747587546760443,0.02872913818934452,0.039020861810655484,10,1
N96_M48,C01,per_EbNo,2.0,FER,pSA_minus_additive; positive_favors_additive,0.34199999999999997,0.06051629716218781,0.01913693345920976,0.29870924890018635,0.3852907510998136,10,1
N96_M48,C01,per_EbNo,2.0,syndrome_violation_rate,pSA_minus_additive; positive_favors_additive,0.362,0.0530827446330517,0.016786237749352232,0.32402689203793095,0.39997310796206903,10,1
N96_M48,C01,per_EbNo,2.5,BER,pSA_minus_additive; positive_favors_additive,0.01925,0.0055537757565750695,0.001756258100460208,0.015277068158223408,0.02322293184177659,10,1
N96_M48,C01,per_EbNo,2.5,FER,pSA_minus_additive; positive_favors_additive,0.181,0.04794672969962487,0.015162087220725547,0.1467009757898171,0.21529902421018288,10,1
N96_M48,C01,per_EbNo,2.5,syndrome_violation_rate,pSA_minus_additive; positive_favors_additive,0.16899999999999998,0.044083254568297627,0.013940349110884324,0.13746473940612625,0.20053526059387372,10,1
N96_M48,C01,per_EbNo,3.0,BER,pSA_minus_additive; positive_favors_additive,0.009291666666666667,0.004121807125701235,0.0013034298593127853,0.006343103474144339,0.012240229859188994,10,1
N96_M48,C01,per_EbNo,3.0,FER,pSA_minus_additive; positive_favors_additive,0.08199999999999999,0.028205594401741568,0.008919392106839766,0.0618229332572081,0.10217706674279188,10,1
N96_M48,C01,per_EbNo,3.0,syndrome_violation_rate,pSA_minus_additive; positive_favors_additive,0.068,0.03190262963734773,0.010088497300281038,0.04517823356973502,0.09082176643026499,10,1
N96_M48,C01,pooled_across_EbNo,,BER,pSA_minus_additive; positive_favors_additive,0.020805555555555553,0.0035284338847443846,0.0011157887649108297,0.01828146600878039,0.023329645102330716,10,1
N96_M48,C01,pooled_across_EbNo,,FER,pSA_minus_additive; positive_favors_additive,0.20166666666666666,0.023739845132468337,0.007507198191826166,0.18468420450406176,0.21864912882927157,10,1
N96_M48,C01,pooled_across_EbNo,,syndrome_violation_rate,pSA_minus_additive; positive_favors_additive,0.19966666666666666,0.020211841047230665,0.006391545341453179,0.1852079865907916,0.21412534674254172,10,1
N96_M48,C02,per_EbNo,2.0,BER,pSA_minus_additive; positive_favors_additive,0.033666666666666664,0.008009446583123032,0.0025328094000121922,0.027937053740284892,0.039396279593048436,10,1
N96_M48,C02,per_EbNo,2.0,FER,pSA_minus_additive; positive_favors_additive,0.31900000000000006,0.07680422442085388,0.02428762830926249,0.26405756765146393,0.3739424323485362,10,1
N96_M48,C02,per_EbNo,2.0,syndrome_violation_rate,pSA_minus_additive; positive_favors_additive,0.337,0.06600505031182588,0.02087262960593769,0.28978283142932754,0.3842171685706725,10,1
N96_M48,C02,per_EbNo,2.5,BER,pSA_minus_additive; positive_favors_additive,0.019177083333333334,0.004354407555803319,0.001376984573698523,0.016062127816801622,0.022292038849865047,10,1
N96_M48,C02,per_EbNo,2.5,FER,pSA_minus_additive; positive_favors_additive,0.203,0.030568684048294336,0.009666666666666667,0.18113248075907706,0.22486751924092296,10,1
N96_M48,C02,per_EbNo,2.5,syndrome_violation_rate,pSA_minus_additive; positive_favors_additive,0.194,0.03238655413730966,0.010241527663824813,0.1708320548367103,0.21716794516328972,10,1
N96_M48,C02,per_EbNo,3.0,BER,pSA_minus_additive; positive_favors_additive,0.009364583333333332,0.0035814251217605787,0.0011325460654109296,0.006802586139201771,0.011926580527464894,10,1
N96_M48,C02,per_EbNo,3.0,FER,pSA_minus_additive; positive_favors_additive,0.089,0.02424412872795758,0.007666666666666668,0.07165679508478523,0.10634320491521476,10,1
N96_M48,C02,per_EbNo,3.0,syndrome_violation_rate,pSA_minus_additive; positive_favors_additive,0.07400000000000002,0.028751811537130436,0.009092121131323905,0.053432193057238536,0.09456780694276151,10,1
N96_M48,C02,pooled_across_EbNo,,BER,pSA_minus_additive; positive_favors_additive,0.02073611111111111,0.002842975227594991,0.0008990277050635753,0.018702369148497263,0.02276985307372496,10,1
N96_M48,C02,pooled_across_EbNo,,FER,pSA_minus_additive; positive_favors_additive,0.20366666666666666,0.02246808436014996,0.007105032123888078,0.18759396735530479,0.21973936597802854,10,1
N96_M48,C02,pooled_across_EbNo,,syndrome_violation_rate,pSA_minus_additive; positive_favors_additive,0.20166666666666666,0.01517388920416408,0.004798405084819822,0.19081192023376597,0.21252141309956735,10,1
N96_M48,C03,per_EbNo,2.0,BER,pSA_minus_additive; positive_favors_additive,0.03311458333333333,0.0056147991352054364,0.0017755553871592886,0.02909799799622676,0.0371311686704399,10,1
N96_M48,C03,per_EbNo,2.0,FER,pSA_minus_additive; positive_favors_additive,0.31500000000000006,0.05562773089426212,0.01759103306927835,0.27520631854032873,0.3547936814596714,10,1
N96_M48,C03,per_EbNo,2.0,syndrome_violation_rate,pSA_minus_additive; positive_favors_additive,0.337,0.08420213774008356,0.026627053911388702,0.27676541926864984,0.3972345807313502,10,1
N96_M48,C03,per_EbNo,2.5,BER,pSA_minus_additive; positive_favors_additive,0.020583333333333335,0.00502889989012888,0.0015902777777777775,0.016985875067405638,0.024180791599261033,10,1
N96_M48,C03,per_EbNo,2.5,FER,pSA_minus_additive; positive_favors_additive,0.191,0.043063260959249755,0.013617798810543662,0.16019439887842263,0.22180560112157738,10,1
N96_M48,C03,per_EbNo,2.5,syndrome_violation_rate,pSA_minus_additive; positive_favors_additive,0.173,0.04571651780264985,0.01445683229480096,0.14029637327213554,0.20570362672786444,10,1
N96_M48,C03,per_EbNo,3.0,BER,pSA_minus_additive; positive_favors_additive,0.009937499999999998,0.004123971065087511,0.0013041141570307032,0.006987388818493558,0.012887611181506439,10,1
N96_M48,C03,per_EbNo,3.0,FER,pSA_minus_additive; positive_favors_additive,0.093,0.03267686915507325,0.010333333333333332,0.06962437598384098,0.11637562401615902,10,1
N96_M48,C03,per_EbNo,3.0,syndrome_violation_rate,pSA_minus_additive; positive_favors_additive,0.06799999999999999,0.03910100879630715,0.012364824660660939,0.040028823326450844,0.09597117667354914,10,1
N96_M48,C03,pooled_across_EbNo,,BER,pSA_minus_additive; positive_favors_additive,0.021211805555555553,0.00227349993977699,0.0007189438069950931,0.01958544167287201,0.022838169438239096,10,1
N96_M48,C03,pooled_across_EbNo,,FER,pSA_minus_additive; positive_favors_additive,0.19966666666666666,0.01688377115442701,0.005339117234103983,0.18758874437222056,0.21174458896111276,10,1
N96_M48,C03,pooled_across_EbNo,,syndrome_violation_rate,pSA_minus_additive; positive_favors_additive,0.19266666666666668,0.023029771392056194,0.007282653159188413,0.17619216065802656,0.2091411726753068,10,1
N96_M48,C04,per_EbNo,2.0,BER,pSA_minus_additive; positive_favors_additive,0.033270833333333326,0.004283714765406074,0.0013546295505177056,0.03020644839261587,0.036335218274050785,10,1
N96_M48,C04,per_EbNo,2.0,FER,pSA_minus_additive; positive_favors_additive,0.31799999999999995,0.05028805910838965,0.015902480589168756,0.2820260896280636,0.3539739103719363,10,1
N96_M48,C04,per_EbNo,2.0,syndrome_violation_rate,pSA_minus_additive; positive_favors_additive,0.33699999999999997,0.06307843442008441,0.019947152400502908,0.29187640631865996,0.38212359368133997,10,1
N96_M48,C04,per_EbNo,2.5,BER,pSA_minus_additive; positive_favors_additive,0.018510416666666668,0.004029289108216559,0.0012741730933272996,0.015628036876880354,0.02139279645645298,10,1
N96_M48,C04,per_EbNo,2.5,FER,pSA_minus_additive; positive_favors_additive,0.179,0.03281259920619922,0.01037625494418225,0.15552728055441786,0.20247271944558212,10,1
N96_M48,C04,per_EbNo,2.5,syndrome_violation_rate,pSA_minus_additive; positive_favors_additive,0.182,0.0373571352696584,0.0118133634311129,0.15527631529690927,0.20872368470309072,10,1
N96_M48,C04,per_EbNo,3.0,BER,pSA_minus_additive; positive_favors_additive,0.006854166666666666,0.0049155679877278995,0.001554439083463077,0.003337781159790306,0.010370552173543027,10,1
N96_M48,C04,per_EbNo,3.0,FER,pSA_minus_additive; positive_favors_additive,0.07300000000000001,0.03622460796505909,0.011455226851626388,0.04708647652547476,0.09891352347452526,10,1
N96_M48,C04,per_EbNo,3.0,syndrome_violation_rate,pSA_minus_additive; positive_favors_additive,0.068,0.026583202716502517,0.008406346808612328,0.04898352235346193,0.08701647764653808,10,1
N96_M48,C04,pooled_across_EbNo,,BER,pSA_minus_additive; positive_favors_additive,0.01954513888888889,0.0026198575641721575,0.0008284717048004759,0.017671005687652546,0.021419272090125233,10,1
N96_M48,C04,pooled_across_EbNo,,FER,pSA_minus_additive; positive_favors_additive,0.19,0.026527414191807385,0.00838870492807861,0.1710234310598775,0.2089765689401225,10,1
N96_M48,C04,pooled_across_EbNo,,syndrome_violation_rate,pSA_minus_additive; positive_favors_additive,0.19566666666666668,0.024446969566546576,0.007730810571910648,0.17817835815675082,0.21315497517658255,10,1
N96_M48,C05,per_EbNo,2.0,BER,pSA_minus_additive; positive_favors_additive,0.034812499999999996,0.0038022973684047586,0.0012023920025423386,0.03209250031889036,0.03753249968110963,10,1
N96_M48,C05,per_EbNo,2.0,FER,pSA_minus_additive; positive_favors_additive,0.321,0.03928528138289622,0.012423096769056145,0.29289700265905005,0.34910299734094996,10,1
N96_M48,C05,per_EbNo,2.0,syndrome_violation_rate,pSA_minus_additive; positive_favors_additive,0.347,0.0442342250600897,0.013988090172238194,0.3153567416222223,0.3786432583777776,10,1
N96_M48,C05,per_EbNo,2.5,BER,pSA_minus_additive; positive_favors_additive,0.019937500000000004,0.0061555752983036794,0.0019465638251310031,0.015534066700027232,0.024340933299972778,10,1
N96_M48,C05,per_EbNo,2.5,FER,pSA_minus_additive; positive_favors_additive,0.181,0.03695342413844157,0.01168569876197207,0.1545651128426496,0.2074348871573504,10,1
N96_M48,C05,per_EbNo,2.5,syndrome_violation_rate,pSA_minus_additive; positive_favors_additive,0.178,0.031552425509864625,0.009977753031397179,0.15542875451083565,0.20057124548916433,10,1
N96_M48,C05,per_EbNo,3.0,BER,pSA_minus_additive; positive_favors_additive,0.009875000000000002,0.004080651519180197,0.0012904153138035696,0.006955877754822638,0.012794122245177366,10,1
N96_M48,C05,per_EbNo,3.0,FER,pSA_minus_additive; positive_favors_additive,0.08,0.0270801280154532,0.008563488385776752,0.060628043409097235,0.09937195659090277,10,1
N96_M48,C05,per_EbNo,3.0,syndrome_violation_rate,pSA_minus_additive; positive_favors_additive,0.065,0.030276503540974917,0.009574271077563382,0.043341494102783165,0.08665850589721684,10,1
N96_M48,C05,pooled_across_EbNo,,BER,pSA_minus_additive; positive_favors_additive,0.021541666666666664,0.001535055617102994,0.0004854272085080783,0.020443554029895845,0.022639779303437482,10,1
N96_M48,C05,pooled_across_EbNo,,FER,pSA_minus_additive; positive_favors_additive,0.19399999999999998,0.015618918569604947,0.0049391357268650776,0.18282689873716357,0.2051731012628364,10,1
N96_M48,C05,pooled_across_EbNo,,syndrome_violation_rate,pSA_minus_additive; positive_favors_additive,0.19666666666666668,0.024444444444444453,0.007730012058189374,0.17918016452028504,0.21415316881304833,10,1
N96_M48,C06,per_EbNo,2.0,BER,pSA_minus_additive; positive_favors_additive,0.03488541666666666,0.007246794802885166,0.0022916377312988075,0.029701371958142347,0.040069461375190976,10,1
N96_M48,C06,per_EbNo,2.0,FER,pSA_minus_additive; positive_favors_additive,0.344,0.07306009702825322,0.023103631268217937,0.29173595503866084,0.3962640449613391,10,1
N96_M48,C06,per_EbNo,2.0,syndrome_violation_rate,pSA_minus_additive; positive_favors_additive,0.377,0.07484057129065165,0.023666666666666666,0.3234622804791197,0.4305377195208803,10,1
N96_M48,C06,per_EbNo,2.5,BER,pSA_minus_additive; positive_favors_additive,0.018489583333333334,0.0056811434258430766,0.0017965352939756014,0.014425538149746233,0.022553628516920436,10,1
N96_M48,C06,per_EbNo,2.5,FER,pSA_minus_additive; positive_favors_additive,0.179,0.038715486421958954,0.012242911781471301,0.15130460941935386,0.20669539058064612,10,1
N96_M48,C06,per_EbNo,2.5,syndrome_violation_rate,pSA_minus_additive; positive_favors_additive,0.181,0.02998147576235848,0.009480975102218594,0.15955254426167484,0.20244745573832515,10,1
N96_M48,C06,per_EbNo,3.0,BER,pSA_minus_additive; positive_favors_additive,0.008541666666666664,0.004388207577216549,0.00138767307896135,0.005402532071394446,0.011680801261938883,10,1
N96_M48,C06,per_EbNo,3.0,FER,pSA_minus_additive; positive_favors_additive,0.082,0.03489667287547307,0.011035296904831233,0.057036424062514364,0.10696357593748565,10,1
N96_M48,C06,per_EbNo,3.0,syndrome_violation_rate,pSA_minus_additive; positive_favors_additive,0.08199999999999999,0.03552776691859794,0.011234866364235145,0.056584966580436866,0.10741503341956311,10,1
N96_M48,C06,pooled_across_EbNo,,BER,pSA_minus_additive; positive_favors_additive,0.02063888888888889,0.002989482736223496,0.0009453574472218601,0.018500341768198494,0.022777436009579287,10,1
N96_M48,C06,pooled_across_EbNo,,FER,pSA_minus_additive; positive_favors_additive,0.20166666666666666,0.029783167008178246,0.009418264367902596,0.18036107246516228,0.22297226086817104,10,1
N96_M48,C06,pooled_across_EbNo,,syndrome_violation_rate,pSA_minus_additive; positive_favors_additive,0.21333333333333332,0.03258417399692263,0.010304020550550783,0.19002401943870903,0.2366426472279576,10,1
N96_M48,C07,per_EbNo,2.0,BER,pSA_minus_additive; positive_favors_additive,0.032697916666666674,0.004527343729195296,0.0014316717934737685,0.029459250064203815,0.03593658326912953,10,1
N96_M48,C07,per_EbNo,2.0,FER,pSA_minus_additive; positive_favors_additive,0.319,0.034140233677518325,0.010796089827134434,0.2945775480667316,0.3434224519332684,10,1
N96_M48,C07,per_EbNo,2.0,syndrome_violation_rate,pSA_minus_additive; positive_favors_additive,0.33199999999999996,0.04962078417580905,0.01569146972791976,0.29650342935927804,0.3674965706407219,10,1
N96_M48,C07,per_EbNo,2.5,BER,pSA_minus_additive; positive_favors_additive,0.019125000000000003,0.003746204354797164,0.0011846538341600567,0.01644512684355226,0.021804873156447746,10,1
N96_M48,C07,per_EbNo,2.5,FER,pSA_minus_additive; positive_favors_additive,0.19199999999999998,0.033928028399998596,0.010728984626287387,0.16772935057749244,0.2162706494225075,10,1
N96_M48,C07,per_EbNo,2.5,syndrome_violation_rate,pSA_minus_additive; positive_favors_additive,0.201,0.041753243386991316,0.013203534880225574,0.1711315289957038,0.23086847100429622,10,1
N96_M48,C07,per_EbNo,3.0,BER,pSA_minus_additive; positive_favors_additive,0.0066770833333333335,0.003426592543377945,0.0010835837050423623,0.0042258466934197705,0.009128319973246896,10,1
N96_M48,C07,per_EbNo,3.0,FER,pSA_minus_additive; positive_favors_additive,0.063,0.029832867780352594,0.009433981132056603,0.041658852007887735,0.08434114799211226,10,1
N96_M48,C07,per_EbNo,3.0,syndrome_violation_rate,pSA_minus_additive; positive_favors_additive,0.064,0.023664319132398463,0.0074833147735478825,0.04707156588312676,0.08092843411687324,10,1
N96_M48,C07,pooled_across_EbNo,,BER,pSA_minus_additive; positive_favors_additive,0.0195,0.001676939150436328,0.0005302947212886541,0.018300389997813152,0.020699610002186848,10,1
N96_M48,C07,pooled_across_EbNo,,FER,pSA_minus_additive; positive_favors_additive,0.19133333333333333,0.015729189661499016,0.004974006507910977,0.18008134888337962,0.20258531778328703,10,1
N96_M48,C07,pooled_across_EbNo,,syndrome_violation_rate,pSA_minus_additive; positive_favors_additive,0.199,0.01555952330349804,0.004920353294552115,0.18786938755095617,0.21013061244904385,10,1
N96_M48,C08,per_EbNo,2.0,BER,pSA_minus_additive; positive_favors_additive,0.03469791666666667,0.006119086099988632,0.0019350249274640904,0.030320586166702544,0.03907524716663079,10,1
N96_M48,C08,per_EbNo,2.0,FER,pSA_minus_additive; positive_favors_additive,0.32899999999999996,0.05173651192984183,0.016360521589077366,0.29198992889923947,0.36601007110076045,10,1
N96_M48,C08,per_EbNo,2.0,syndrome_violation_rate,pSA_minus_additive; positive_favors_additive,0.35500000000000004,0.04624812308503871,0.01462494064565354,0.32191608576211883,0.38808391423788124,10,1
N96_M48,C08,per_EbNo,2.5,BER,pSA_minus_additive; positive_favors_additive,0.021135416666666667,0.004300918762203498,0.0013600699319915159,0.018058724728029572,0.02421210860530376,10,1
N96_M48,C08,per_EbNo,2.5,FER,pSA_minus_additive; positive_favors_additive,0.20200000000000004,0.03457680661303985,0.010934146311237819,0.1772652426023387,0.22673475739766139,10,1
N96_M48,C08,per_EbNo,2.5,syndrome_violation_rate,pSA_minus_additive; positive_favors_additive,0.192,0.031198290551460246,0.009865765724632495,0.16968208739898216,0.21431791260101785,10,1
N96_M48,C08,per_EbNo,3.0,BER,pSA_minus_additive; positive_favors_additive,0.010385416666666664,0.0043248475718875605,0.0013676368860213492,0.007291607088769995,0.013479226244563334,10,1
N96_M48,C08,per_EbNo,3.0,FER,pSA_minus_additive; positive_favors_additive,0.087,0.03267686915507325,0.010333333333333332,0.06362437598384098,0.11037562401615901,10,1
N96_M48,C08,per_EbNo,3.0,syndrome_violation_rate,pSA_minus_additive; positive_favors_additive,0.06899999999999999,0.023309511649396118,0.007371114795831993,0.05232537986638882,0.08567462013361116,10,1
N96_M48,C08,pooled_across_EbNo,,BER,pSA_minus_additive; positive_favors_additive,0.02207291666666667,0.0033583188617207016,0.0010619936712141474,0.019670520076423868,0.024475313256909475,10,1
N96_M48,C08,pooled_across_EbNo,,FER,pSA_minus_additive; positive_favors_additive,0.20599999999999996,0.02571448167669795,0.008131633094903105,0.18760496794866346,0.22439503205133646,10,1
N96_M48,C08,pooled_across_EbNo,,syndrome_violation_rate,pSA_minus_additive; positive_favors_additive,0.2053333333333333,0.02223333055694359,0.007030796453136171,0.18942856677630213,0.2212380998903645,10,1
N96_M48,C09,per_EbNo,2.0,BER,pSA_minus_additive; positive_favors_additive,0.035104166666666665,0.009698010526856132,0.003066780203715492,0.02816662786193251,0.04204170547140082,10,1
N96_M48,C09,per_EbNo,2.0,FER,pSA_minus_additive; positive_favors_additive,0.328,0.0651152823843988,0.020591260281973993,0.2814193330609394,0.3745806669390606,10,1
N96_M48,C09,per_EbNo,2.0,syndrome_violation_rate,pSA_minus_additive; positive_favors_additive,0.348,0.03489667287547307,0.011035296904831233,0.3230364240625143,0.37296357593748564,10,1
N96_M48,C09,per_EbNo,2.5,BER,pSA_minus_additive; positive_favors_additive,0.017854166666666667,0.0053865795452709,0.0017033860160730115,0.014000839789301597,0.021707493544031738,10,1
N96_M48,C09,per_EbNo,2.5,FER,pSA_minus_additive; positive_favors_additive,0.16699999999999998,0.04270050741306635,0.013503086067019398,0.13645389713285666,0.1975461028671433,10,1
N96_M48,C09,per_EbNo,2.5,syndrome_violation_rate,pSA_minus_additive; positive_favors_additive,0.17800000000000002,0.043665394383500845,0.013808210118138653,0.14676365857505821,0.20923634142494182,10,1
N96_M48,C09,per_EbNo,3.0,BER,pSA_minus_additive; positive_favors_additive,0.009666666666666667,0.0028126285978830605,0.0008894312581436314,0.007654633375190718,0.011678699958142616,10,1
N96_M48,C09,per_EbNo,3.0,FER,pSA_minus_additive; positive_favors_additive,0.092,0.030840089349921006,0.009752492558885195,0.06993832910223656,0.11406167089776344,10,1
N96_M48,C09,per_EbNo,3.0,syndrome_violation_rate,pSA_minus_additive; positive_favors_additive,0.07200000000000001,0.033266599866332396,0.010519822558706333,0.04820250804686835,0.09579749195313167,10,1
N96_M48,C09,pooled_across_EbNo,,BER,pSA_minus_additive; positive_favors_additive,0.020874999999999998,0.003776228576685273,0.0011941483267741274,0.018173648809077667,0.02357635119092233,10,1
N96_M48,C09,pooled_across_EbNo,,FER,pSA_minus_additive; positive_favors_additive,0.19566666666666668,0.025774425069326395,0.008150588860041469,0.17722875369544505,0.21410457963788831,10,1
N96_M48,C09,pooled_across_EbNo,,syndrome_violation_rate,pSA_minus_additive; positive_favors_additive,0.19933333333333333,0.016688874093794298,0.0052774853720168515,0.1873948319971677,0.21127183466949898,10,1
