size,code_id,variant,realization_type,generation_seed,matrix_sha256,implementation_mode,lambda_mem,seed,EbNo_dB,trial_index,n_cycles,decoded_BER,decoded_FER,decoded_syndrome_weight,final_state_BER,final_syndrome_weight,mean_syndrome_weight,syndrome_zero_fraction,mean_bit_flip_rate,mean_backflip_rate,mean_repair_rate,mean_q_lag1_product,mean_q_lag1_cosine,mean_q_sign_persistence,mean_q_used_source_product,late_syndrome_weight,late_syndrome_weight_fraction,late_syndrome_zero_fraction,late_state_BER,late_bit_flip_rate,late_backflip_rate,late_repair_rate,late_q_lag1_product,late_q_lag1_cosine,late_q_sign_persistence,late_q_used_source_product,max_abs_memory_source_mean_delta,max_abs_memory_source_second_moment_delta,reached_valid,reached_valid_after_nonvalid,reached_correct,reached_low_BER,reached_relaxed_basin,reached_wrong_valid,first_valid_cycle,first_valid_after_nonvalid_cycle,first_correct_cycle,first_low_BER_cycle,first_relaxed_basin_cycle,first_wrong_valid_cycle,correct_residence_fraction,correct_remaining_cycles_after_hit,correct_cycles_after_hit,correct_escape_probability,correct_transition_opportunities,correct_escape_count,correct_return_probability,correct_return_count,correct_mean_return_time,correct_first_residence_time,correct_first_residence_censored,relaxed_basin_residence_fraction,relaxed_basin_remaining_cycles_after_hit,relaxed_basin_cycles_after_hit,relaxed_basin_escape_probability,relaxed_basin_transition_opportunities,relaxed_basin_escape_count,relaxed_basin_return_probability,relaxed_basin_return_count,relaxed_basin_mean_return_time,relaxed_basin_first_residence_time,relaxed_basin_first_residence_censored,mean_channel_alignment,late_channel_alignment,mean_channel_alignment_gap_to_transmitted,late_channel_alignment_gap_to_transmitted,mean_hard_channel_disagreement_rate,late_hard_channel_disagreement_rate,wrong_valid_residence_fraction
N192_M96,new_02,additive,new,2026082702,6904f018d720f85f9dfd8cc3c9b07950da23e63cd1a08801cb8445ceb5209678,lambda_pSA,0.95,20260826,2.5,0,19200,0.0,0,0,0.0,0,0.37442708333333335,0.9628645833333334,0.0007237413194444445,0.0003498234956704919,0.10541962039789618,0.9953516805014964,0.9987531436391358,0.9986375611530758,0.9953516805014964,0.0,0.0,1.0,0.0,0.0,0.0,nan,0.9999909736058106,0.9999999999623881,1.0,0.9999909736058106,0.0,0.0,1,1,1,1,1,0,714.0,714.0,714.0,384.0,674.0,nan,1.0,18487.0,18487.0,0.0,18486.0,0.0,nan,0.0,nan,18487.0,1.0,0.9990824202515248,18527.0,18510.0,0.00032416662164352477,18509.0,6.0,1.0,6.0,2.8333333333333335,4.0,0.0,0.6724614311458785,0.6735134266414582,0.0010519954955796476,0.0,0.09933512369791667,0.09895833333333333,0.0
N192_M96,new_02,additive,new,2026082702,6904f018d720f85f9dfd8cc3c9b07950da23e63cd1a08801cb8445ceb5209678,lambda_pSA,0.95,20260826,2.5,1,19200,0.0,0,0,0.0,0,1.3685416666666668,0.73703125,0.0017149522569444445,0.0008622126119423228,0.043572185538436455,0.9883555750410972,0.9970727605284313,0.9959501539039182,0.9883555750410972,0.0,0.0,1.0,0.0,0.0,0.0,nan,0.9999915622989266,0.9999999999675034,1.0,0.9999915622989266,0.0,0.0,1,1,1,1,1,0,5049.0,5049.0,5049.0,300.0,991.0,nan,0.9999293386093838,14152.0,14151.0,7.06713780918728e-05,14150.0,1.0,1.0,1.0,1.0,1.0,0.0,0.7775947281713345,18210.0,14160.0,0.00014125291334133767,14159.0,2.0,1.0,2.0,2025.0,3.0,0.0,0.6969890645332226,0.6965055582355159,-0.0004835062977055274,0.0,0.08524576822916667,0.08854166666666667,0.0
N192_M96,new_02,additive,new,2026082702,6904f018d720f85f9dfd8cc3c9b07950da23e63cd1a08801cb8445ceb5209678,lambda_pSA,0.95,20260826,2.5,2,19200,0.0,0,0,0.0,0,0.39880208333333333,0.9232291666666667,0.0005539279513888889,0.00026543556940294456,0.05157524002508805,0.9960096912044382,0.9989417891328,0.9986760910176574,0.9960096912044382,0.0,0.0,1.0,0.0,0.0,0.0,nan,0.9999912396484699,0.9999999999632173,1.0,0.9999912396484699,0.0,0.0,1,1,1,1,1,0,1475.0,1475.0,1475.0,242.0,732.0,nan,1.0,17726.0,17726.0,0.0,17725.0,0.0,nan,0.0,nan,17726.0,1.0,0.9631274026747523,18469.0,17788.0,0.0011244167088322933,17787.0,20.0,1.0,20.0,34.05,3.0,0.0,0.6828295436227776,0.683390357692626,0.0005608140698476127,0.0,0.09354465060763889,0.09375,0.0
N192_M96,new_02,additive,new,2026082702,6904f018d720f85f9dfd8cc3c9b07950da23e63cd1a08801cb8445ceb5209678,lambda_pSA,0.95,20260826,2.5,3,19200,0.0,0,0,0.0,0,1.3049479166666667,0.8188541666666667,0.0018071831597222222,0.0009071794842036647,0.05006593471722155,0.9871542275500526,0.9964084841640604,0.9953668171542251,0.9871542275500526,0.0,0.0,1.0,0.0,0.0,0.0,nan,0.9999908202344575,0.9999999999654976,1.0,0.9999908202344575,0.0,0.0,1,1,1,1,1,0,3479.0,3479.0,3479.0,748.0,749.0,nan,1.0,15722.0,15722.0,0.0,15721.0,0.0,nan,0.0,nan,15722.0,1.0,0.8610448731844786,18452.0,15888.0,0.0035878391137407943,15887.0,57.0,1.0,57.0,44.98245614035088,3.0,0.0,0.6675368743038993,0.6689216558264096,0.0013847815225097294,0.0,0.11031005859375,0.109375,0.0
N192_M96,new_02,additive,new,2026082702,6904f018d720f85f9dfd8cc3c9b07950da23e63cd1a08801cb8445ceb5209678,lambda_pSA,0.95,20260826,2.5,4,19200,0.0,0,0,0.0,0,0.9169270833333333,0.8127083333333334,0.0011583116319444444,0.0005718139174559119,0.04482836263893722,0.9917918521593823,0.9977735194767118,0.9970282543720933,0.9917918521593823,0.0,0.0,1.0,0.0,0.0,0.0,nan,0.999990678288288,0.9999999999643786,1.0,0.999990678288288,0.0,0.0,1,1,1,1,1,0,3597.0,3597.0,3597.0,801.0,807.0,nan,1.0,15604.0,15604.0,0.0,15603.0,0.0,nan,0.0,nan,15604.0,1.0,0.8600086984886376,18394.0,15819.0,0.003603489695283854,15818.0,57.0,1.0,57.0,45.175438596491226,1.0,0.0,0.6639517591975163,0.6633998755593017,-0.0005518836382139852,0.0,0.11435574001736111,0.11458333333333333,0.0
N192_M96,new_02,additive,new,2026082702,6904f018d720f85f9dfd8cc3c9b07950da23e63cd1a08801cb8445ceb5209678,lambda_pSA,0.95,20268848,2.5,0,19200,0.0,0,0,0.0,0,0.130625,0.9871354166666667,0.00026746961805555557,0.00012168153010178334,0.11550021468441392,0.9981257011592868,0.9995841584209152,0.999574612274552,0.9981257011592868,0.0,0.0,1.0,0.0,0.0,0.0,nan,0.9999924921302674,0.9999999999686688,1.0,0.9999924921302674,0.0,0.0,1,1,1,1,1,0,248.0,248.0,248.0,238.0,240.0,nan,1.0,18953.0,18953.0,0.0,18952.0,0.0,nan,0.0,nan,18953.0,1.0,0.9998945203312062,18961.0,18959.0,5.274818018778352e-05,18958.0,1.0,1.0,1.0,2.0,4.0,0.0,0.7273912982679929,0.7280495438690763,0.0006582456010835048,0.0,0.06814398871527778,0.06770833333333333,0.0
N192_M96,new_02,additive,new,2026082702,6904f018d720f85f9dfd8cc3c9b07950da23e63cd1a08801cb8445ceb5209678,lambda_pSA,0.95,20268848,2.5,1,19200,0.0,0,0,0.0,0,0.057916666666666665,0.9966666666666667,0.00013292100694444443,5.482744824913158e-05,0.13623462630085148,0.9988361193570534,0.9997876374665352,0.9997881188097323,0.9988361193570534,0.0,0.0,1.0,0.0,0.0,0.0,nan,0.9999912354964999,0.9999999999646481,1.0,0.9999912354964999,0.0,0.0,1,1,1,1,1,0,65.0,65.0,65.0,52.0,63.0,nan,1.0,19136.0,19136.0,0.0,19135.0,0.0,nan,0.0,nan,19136.0,1.0,1.0,19138.0,19138.0,0.0,19137.0,0.0,nan,0.0,nan,19138.0,1.0,0.684819143695287,0.6852484766078518,0.00042933291256559155,0.0,0.09918836805555556,0.09895833333333333,0.0
N192_M96,new_02,additive,new,2026082702,6904f018d720f85f9dfd8cc3c9b07950da23e63cd1a08801cb8445ceb5209678,lambda_pSA,0.95,20268848,2.5,2,19200,0.0,0,0,0.0,0,0.3500520833333333,0.945625,0.0005192057291666666,0.000248006352882822,0.07652399481193256,0.9961543878060474,0.9990639819980023,0.9987506934939753,0.9961543878060474,0.0,0.0,1.0,0.0,0.0,0.0,nan,0.9999913924136323,0.999999999965446,1.0,0.9999913924136323,0.0,0.0,1,1,1,1,1,0,1045.0,1045.0,1045.0,202.0,208.0,nan,1.0,18156.0,18156.0,0.0,18155.0,0.0,nan,0.0,nan,18156.0,1.0,0.9684620649713053,18993.0,18394.0,0.004838797368564128,18393.0,89.0,1.0,89.0,6.730337078651686,2.0,0.0,0.6885852204864912,0.6892216674949042,0.0006364470084138744,0.0,0.10938286675347222,0.109375,0.0
N192_M96,new_02,additive,new,2026082702,6904f018d720f85f9dfd8cc3c9b07950da23e63cd1a08801cb8445ceb5209678,lambda_pSA,0.95,20268848,2.5,3,19200,0.0,0,0,0.0,0,0.2359375,0.9821354166666667,0.0004730902777777778,0.00022486721414265227,0.10571823841365,0.9969283787007112,0.999226742173242,0.9991828657916747,0.9969283787007112,0.0,0.0,1.0,0.0,0.0,0.0,nan,0.9999917338477345,0.9999999999660234,1.0,0.9999917338477345,0.0,0.0,1,1,1,1,1,0,344.0,344.0,344.0,301.0,315.0,nan,1.0,18857.0,18857.0,0.0,18856.0,0.0,nan,0.0,nan,18857.0,1.0,0.9993646087048608,18886.0,18874.0,0.00010597149366820326,18873.0,2.0,1.0,2.0,6.0,2.0,0.0,0.7021849406610274,0.7036321380688512,0.001447197407822207,0.0,0.09449110243055556,0.09375,0.0
N192_M96,new_02,additive,new,2026082702,6904f018d720f85f9dfd8cc3c9b07950da23e63cd1a08801cb8445ceb5209678,lambda_pSA,0.95,20268848,2.5,4,19200,0.0,0,0,0.0,0,0.3486458333333333,0.9553125,0.0005365668402777777,0.00025684567337737335,0.05502443169747185,0.9959660856056287,0.999020048313189,0.9987742890442385,0.9959660856056287,0.0,0.0,1.0,0.0,0.0,0.0,nan,0.9999911056689201,0.9999999999642687,1.0,0.9999911056689201,0.0,0.0,1,1,1,1,1,0,859.0,859.0,859.0,628.0,705.0,nan,1.0,18342.0,18342.0,0.0,18341.0,0.0,nan,0.0,nan,18342.0,1.0,0.9957288062283737,18496.0,18417.0,0.0007602085143353606,18416.0,14.0,1.0,14.0,5.642857142857143,9.0,0.0,0.674367412691429,0.6761017661102025,0.001734353418773926,0.0,0.104814453125,0.10416666666666667,0.0
N192_M96,new_02,additive,new,2026082702,6904f018d720f85f9dfd8cc3c9b07950da23e63cd1a08801cb8445ceb5209678,lambda_pSA,0.95,20276870,2.5,0,19200,0.0,0,0,0.0,0,1.3560416666666666,0.09786458333333337,0.0010215928819444445,0.0005223530186610616,0.011752645260498663,0.9923355448609587,0.9977577015875706,0.9968646679795434,0.9923355448609587,0.9520833333333333,0.009917534722222222,0.39145833333333335,0.028901909722222223,0.0006282552083333333,0.0003184517657312379,0.011033965096641021,0.9954431718122966,0.9985454409715045,0.9979112413194444,0.9954431718122966,0.0,0.0,1,1,1,1,1,0,17322.0,17322.0,17322.0,226.0,466.0,nan,1.0,1879.0,1879.0,0.0,1878.0,0.0,nan,0.0,nan,1879.0,1.0,0.9148118494795837,18735.0,17139.0,0.014995915509394329,17138.0,257.0,1.0,257.0,6.21011673151751,3.0,0.0,0.6668172732968322,0.6694063259417024,0.005259504473846928,0.002670451828976249,0.11787109375,0.11295355902777778,0.0
N192_M96,new_02,additive,new,2026082702,6904f018d720f85f9dfd8cc3c9b07950da23e63cd1a08801cb8445ceb5209678,lambda_pSA,0.95,20276870,2.5,1,19200,0.0,0,0,0.0,0,0.12067708333333334,0.9932291666666667,0.0002951388888888889,0.00013412902071424518,0.17579165433560226,0.9980404916082518,0.9995408527608692,0.9995586053774724,0.9980404916082518,0.0,0.0,1.0,0.0,0.0,0.0,nan,0.9999920387983855,0.9999999999639658,1.0,0.9999920387983855,0.0,0.0,1,1,1,1,1,0,131.0,131.0,131.0,101.0,124.0,nan,1.0,19070.0,19070.0,0.0,19069.0,0.0,nan,0.0,nan,19070.0,1.0,1.0,19077.0,19077.0,0.0,19076.0,0.0,nan,0.0,nan,19077.0,1.0,0.7099673154231794,0.7108684337563499,0.000901118333169311,0.0,0.07344699435763889,0.07291666666666667,0.0
N192_M96,new_02,additive,new,2026082702,6904f018d720f85f9dfd8cc3c9b07950da23e63cd1a08801cb8445ceb5209678,lambda_pSA,0.95,20276870,2.5,2,19200,0.0,0,0,0.0,0,0.20119791666666667,0.9716145833333333,0.00032606336805555557,0.00015101781928636326,0.05706977154450031,0.9974940123086243,0.9994173645245255,0.9993019641313198,0.9974940123086243,0.0,0.0,1.0,0.0,0.0,0.0,nan,0.9999921531174157,0.9999999999671815,1.0,0.9999921531174157,0.0,0.0,1,1,1,1,1,0,546.0,546.0,546.0,326.0,333.0,nan,1.0,18655.0,18655.0,0.0,18654.0,0.0,nan,0.0,nan,18655.0,1.0,0.9986750052999788,18868.0,18843.0,0.00037151045536567244,18842.0,7.0,1.0,7.0,3.5714285714285716,1.0,0.0,0.7155523605096848,0.7173038274863995,0.0017514669767138568,0.0,0.08439643012152778,0.08333333333333333,0.0
N192_M96,new_02,additive,new,2026082702,6904f018d720f85f9dfd8cc3c9b07950da23e63cd1a08801cb8445ceb5209678,lambda_pSA,0.95,20276870,2.5,3,19200,0.0,0,0,0.0,0,0.19125,0.9871354166666667,0.0004177517361111111,0.00019507837368756812,0.14104323953328757,0.9973137108733302,0.999317194458163,0.999305217946158,0.9973137108733302,0.0,0.0,1.0,0.0,0.0,0.0,nan,0.9999918814739923,0.9999999999624934,1.0,0.9999918814739923,0.0,0.0,1,1,1,1,1,0,248.0,248.0,248.0,200.0,219.0,nan,1.0,18953.0,18953.0,0.0,18952.0,0.0,nan,0.0,nan,18953.0,1.0,0.9990517332209462,18982.0,18964.0,0.00026367136001687497,18963.0,5.0,1.0,5.0,3.6,2.0,0.0,0.7061094012435086,0.7073223496447876,0.0012129484012785713,0.0,0.06839192708333333,0.06770833333333333,0.0
N192_M96,new_02,additive,new,2026082702,6904f018d720f85f9dfd8cc3c9b07950da23e63cd1a08801cb8445ceb5209678,lambda_pSA,0.95,20276870,2.5,4,19200,0.0,0,0,0.0,0,0.18036458333333333,0.9802083333333333,0.00035698784722222224,0.00016623708504901141,0.14335165953980858,0.9975022777385701,0.9993967400274337,0.9993613766917142,0.9975022777385701,0.0,0.0,1.0,0.0,0.0,0.0,nan,0.999991941019455,0.9999999999658656,1.0,0.999991941019455,0.0,0.0,1,1,1,1,1,0,381.0,381.0,381.0,105.0,126.0,nan,1.0,18820.0,18820.0,0.0,18819.0,0.0,nan,0.0,nan,18820.0,1.0,0.9949148099606815,19075.0,18978.0,0.0014227749380829424,18977.0,27.0,1.0,27.0,3.5925925925925926,6.0,0.0,0.7078935257719192,0.7084117130842877,0.0005181873123679277,0.0,0.07842258029513889,0.078125,0.0
N192_M96,new_02,additive,new,2026082702,6904f018d720f85f9dfd8cc3c9b07950da23e63cd1a08801cb8445ceb5209678,lambda_pSA,0.95,20284892,2.5,0,19200,0.0,0,0,0.0,0,0.10682291666666667,0.9934895833333334,0.0002685546875,0.0001221753400750591,0.17040075733669927,0.9982430253921527,0.9995727012171373,0.9996074359818157,0.9982430253921527,0.0,0.0,1.0,0.0,0.0,0.0,nan,0.9999928590340564,0.9999999999668718,1.0,0.9999928590340564,0.0,0.0,1,1,1,1,1,0,126.0,126.0,126.0,84.0,101.0,nan,1.0,19075.0,19075.0,0.0,19074.0,0.0,nan,0.0,nan,19075.0,1.0,0.9994240837696335,19100.0,19089.0,0.00020955574182732607,19088.0,4.0,1.0,4.0,2.75,1.0,0.0,0.7404084892117447,0.7413077212774363,0.0008992320656910302,0.0,0.04742919921875,0.046875,0.0
N192_M96,new_02,additive,new,2026082702,6904f018d720f85f9dfd8cc3c9b07950da23e63cd1a08801cb8445ceb5209678,lambda_pSA,0.95,20284892,2.5,1,19200,0.0,0,0,0.0,0,0.25833333333333336,0.9463541666666667,0.0003998480902777778,0.0001877581674802854,0.06841186736474694,0.9969296761015203,0.9992522251424666,0.9990653891209665,0.9969296761015203,0.0,0.0,1.0,0.0,0.0,0.0,nan,0.9999914516811055,0.9999999999652149,1.0,0.9999914516811055,0.0,0.0,1,1,1,1,1,0,1031.0,1031.0,1031.0,172.0,173.0,nan,1.0,18170.0,18170.0,0.0,18169.0,0.0,nan,0.0,nan,18170.0,1.0,0.9915387849484969,19028.0,18867.0,0.002544259514470476,18866.0,48.0,1.0,48.0,3.3541666666666665,1.0,0.0,0.6912662319059938,0.6916141328407734,0.0003479009347794026,0.0,0.0937890625,0.09375,0.0
N192_M96,new_02,additive,new,2026082702,6904f018d720f85f9dfd8cc3c9b07950da23e63cd1a08801cb8445ceb5209678,lambda_pSA,0.95,20284892,2.5,2,19200,0.15625,1,2,0.15625,6,8.012864583333334,0.0,0.010763888888888889,0.0063035458519397035,0.036535431333577256,0.9273155949977144,0.9779671699146166,0.9740006945084996,0.9273155949977144,8.760208333333333,0.0912521701388889,0.0,0.144248046875,0.011837022569444444,0.006919278883583164,0.04101283343614124,0.9217720164716308,0.9758563572029145,0.9720062934027778,0.9217720164716308,0.0,0.0,0,0,0,1,0,0,nan,nan,nan,13091.0,nan,nan,nan,nan,nan,nan,nan,nan,nan,nan,nan,nan,nan,nan,nan,nan,nan,nan,nan,nan,nan,nan,nan,nan,0.6614500608729393,0.6659286596417074,-0.02367220741283769,-0.02815080618160623,0.1107077365451389,0.10691731770833333,0.0
N192_M96,new_02,additive,new,2026082702,6904f018d720f85f9dfd8cc3c9b07950da23e63cd1a08801cb8445ceb5209678,lambda_pSA,0.95,20284892,2.5,3,19200,0.0,0,0,0.0,0,0.061927083333333334,0.9961979166666667,0.00015516493055555555,6.486518761373459e-05,0.18147138964577655,0.9988921152985208,0.9997829955728911,0.9997951731953063,0.9988921152985208,0.0,0.0,1.0,0.0,0.0,0.0,nan,0.9999929676257393,0.9999999999707816,1.0,0.9999929676257393,0.0,0.0,1,1,1,1,1,0,74.0,74.0,74.0,54.0,67.0,nan,1.0,19127.0,19127.0,0.0,19126.0,0.0,nan,0.0,nan,19127.0,1.0,0.9998432110379429,19134.0,19131.0,0.00010454783063251438,19130.0,2.0,1.0,2.0,1.5,1.0,0.0,0.7454550828136713,0.7458284964838335,0.00037341367016226765,0.0,0.06272433810763889,0.0625,0.0
N192_M96,new_02,additive,new,2026082702,6904f018d720f85f9dfd8cc3c9b07950da23e63cd1a08801cb8445ceb5209678,lambda_pSA,0.95,20284892,2.5,4,19200,0.0,0,0,0.0,0,0.24947916666666667,0.9804166666666667,0.0005208333333333333,0.0002474470803147962,0.11417589871128193,0.9966631429590578,0.999144673778778,0.9990968696182491,0.9966631429590578,0.0,0.0,1.0,0.0,0.0,0.0,nan,0.99999135993183,0.9999999999636543,1.0,0.99999135993183,0.0,0.0,1,1,1,1,1,0,377.0,377.0,377.0,305.0,340.0,nan,1.0,18824.0,18824.0,0.0,18823.0,0.0,nan,0.0,nan,18824.0,1.0,0.9999469805418588,18861.0,18860.0,5.3025080863248316e-05,18859.0,1.0,1.0,1.0,1.0,36.0,0.0,0.6869263695484651,0.688499978855816,0.0015736093073499535,0.0,0.09470974392361112,0.09375,0.0
N192_M96,new_02,additive,new,2026082702,6904f018d720f85f9dfd8cc3c9b07950da23e63cd1a08801cb8445ceb5209678,lambda_pSA,0.95,20292914,2.5,0,19200,0.0,0,0,0.0,0,1.3946875,0.85,0.002048068576388889,0.0010292069558823773,0.06043782227705546,0.9859374009018618,0.9959956279072834,0.9952273894455096,0.9859374009018618,0.0,0.0,1.0,0.0,0.0,0.0,nan,0.9999905857467449,0.9999999999649275,1.0,0.9999905857467449,0.0,0.0,1,1,1,1,1,0,2881.0,2881.0,2881.0,1255.0,2864.0,nan,1.0,16320.0,16320.0,0.0,16319.0,0.0,nan,0.0,nan,16320.0,1.0,0.9996939462569627,16337.0,16332.0,0.0001836997122037842,16331.0,3.0,1.0,3.0,1.6666666666666667,1.0,0.0,0.6581767760788418,0.6597984589996551,0.0016216829208135837,0.0,0.1290212673611111,0.13020833333333334,0.0
N192_M96,new_02,additive,new,2026082702,6904f018d720f85f9dfd8cc3c9b07950da23e63cd1a08801cb8445ceb5209678,lambda_pSA,0.95,20292914,2.5,1,19200,0.0,0,0,0.0,0,0.10890625,0.99109375,0.00021918402777777778,9.857147395852992e-05,0.11732138149222252,0.9983443999036957,0.9996442746920647,0.9996285975038713,0.9983443999036957,0.0,0.0,1.0,0.0,0.0,0.0,nan,0.9999922369443385,0.9999999999675022,1.0,0.9999922369443385,0.0,0.0,1,1,1,1,1,0,172.0,172.0,172.0,118.0,131.0,nan,1.0,19029.0,19029.0,0.0,19028.0,0.0,nan,0.0,nan,19029.0,1.0,0.9988987939171473,19070.0,19049.0,0.00020999580008399833,19048.0,4.0,1.0,4.0,5.25,4.0,0.0,0.7189892427393596,0.7196657196874021,0.000676476948041606,0.0,0.07854031032986111,0.078125,0.0
N192_M96,new_02,additive,new,2026082702,6904f018d720f85f9dfd8cc3c9b07950da23e63cd1a08801cb8445ceb5209678,lambda_pSA,0.95,20292914,2.5,2,19200,0.0,0,0,0.0,0,0.23328125,0.9736458333333333,0.00037706163194444446,0.0001750339519590328,0.05823653231464879,0.9971471399824384,0.9993461111986944,0.9991958837059018,0.9971471399824384,0.0,0.0,1.0,0.0,0.0,0.0,nan,0.9999917672675279,0.9999999999671257,1.0,0.9999917672675279,0.0,0.0,1,1,1,1,1,0,507.0,507.0,507.0,424.0,430.0,nan,1.0,18694.0,18694.0,0.0,18693.0,0.0,nan,0.0,nan,18694.0,1.0,0.9973363166586756,18771.0,18721.0,0.00037393162393162396,18720.0,7.0,1.0,7.0,7.142857142857143,2.0,0.0,0.7009212866145538,0.7024113210459046,0.0014900344313498754,0.0,0.09973931206597222,0.09895833333333333,0.0
N192_M96,new_02,additive,new,2026082702,6904f018d720f85f9dfd8cc3c9b07950da23e63cd1a08801cb8445ceb5209678,lambda_pSA,0.95,20292914,2.5,3,19200,0.0,0,0,0.0,0,0.13828125,0.98953125,0.0002924262152777778,0.00013256111053613635,0.11616459933057688,0.9979814143216706,0.9995388142774579,0.9995244244532102,0.9979814143216706,0.0,0.0,1.0,0.0,0.0,0.0,nan,0.9999915411532262,0.999999999965407,1.0,0.9999915411532262,0.0,0.0,1,1,1,1,1,0,202.0,202.0,202.0,166.0,186.0,nan,1.0,18999.0,18999.0,0.0,18998.0,0.0,nan,0.0,nan,18999.0,1.0,0.9998948198790428,19015.0,19013.0,0.00010519671786240269,19012.0,2.0,1.0,2.0,1.0,1.0,0.0,0.6938285423416095,0.6946031655748468,0.0007746232332363473,0.0,0.09934868706597222,0.09895833333333333,0.0
N192_M96,new_02,additive,new,2026082702,6904f018d720f85f9dfd8cc3c9b07950da23e63cd1a08801cb8445ceb5209678,lambda_pSA,0.95,20292914,2.5,4,19200,0.0,0,0,0.0,0,0.31177083333333333,0.9661979166666667,0.0005392795138888888,0.0002568394383487401,0.09532505478451424,0.9962132028043464,0.999044815576836,0.9988564976435441,0.9962132028043464,0.0,0.0,1.0,0.0,0.0,0.0,nan,0.9999902611988783,0.9999999999614836,1.0,0.9999902611988783,0.0,0.0,1,1,1,1,1,0,650.0,650.0,650.0,141.0,320.0,nan,1.0,18551.0,18551.0,0.0,18550.0,0.0,nan,0.0,nan,18551.0,1.0,0.9834754515121021,18881.0,18569.0,0.00016156828953037484,18568.0,3.0,1.0,3.0,104.0,3.0,0.0,0.6492583361692352,0.6498781654996721,0.0006198293304378503,0.0,0.12500759548611112,0.125,0.0
N192_M96,new_02,additive,new,2026082702,6904f018d720f85f9dfd8cc3c9b07950da23e63cd1a08801cb8445ceb5209678,lambda_pSA,0.95,20300936,2.5,0,19200,0.0,0,0,0.0,0,0.16208333333333333,0.99125,0.00040093315972222223,0.0001869182238204455,0.13992206872121857,0.9974480574722168,0.999340868307828,0.9993838916560862,0.9974480574722168,0.0,0.0,1.0,0.0,0.0,0.0,nan,0.9999910544576236,0.9999999999614663,1.0,0.9999910544576236,0.0,0.0,1,1,1,1,1,0,169.0,169.0,169.0,140.0,167.0,nan,1.0,19032.0,19032.0,0.0,19031.0,0.0,nan,0.0,nan,19032.0,1.0,1.0,19034.0,19034.0,0.0,19033.0,0.0,nan,0.0,nan,19034.0,1.0,0.6778362662743954,0.6789406947912477,0.00110442851685236,0.0,0.07880859375,0.078125,0.0
N192_M96,new_02,additive,new,2026082702,6904f018d720f85f9dfd8cc3c9b07950da23e63cd1a08801cb8445ceb5209678,lambda_pSA,0.95,20300936,2.5,1,19200,0.0,0,0,0.0,0,0.33619791666666665,0.9263020833333333,0.0004416232638888889,0.00020742663472169627,0.10824677762482793,0.9967125738604239,0.9992608559738083,0.9989777608730921,0.9967125738604239,0.0,0.0,1.0,0.0,0.0,0.0,nan,0.99999257993801,0.9999999999683055,1.0,0.99999257993801,0.0,0.0,1,1,1,1,1,0,1416.0,1416.0,1416.0,105.0,105.0,nan,1.0,17785.0,17785.0,0.0,17784.0,0.0,nan,0.0,nan,17785.0,1.0,0.9839233347297863,19096.0,18789.0,0.005003193527783692,18788.0,94.0,1.0,94.0,3.265957446808511,4.0,0.0,0.733061885199812,0.7321418046401897,-0.0009200805596232657,0.0,0.06710096571180556,0.06770833333333333,0.0
N192_M96,new_02,additive,new,2026082702,6904f018d720f85f9dfd8cc3c9b07950da23e63cd1a08801cb8445ceb5209678,lambda_pSA,0.95,20300936,2.5,2,19200,0.0,0,0,0.0,0,1.2519791666666666,0.7301041666666667,0.001603732638888889,0.0008038123355085066,0.04538033619542871,0.988323295950864,0.9967368018501592,0.9954202958942997,0.988323295950864,0.0,0.0,1.0,0.0,0.0,0.0,nan,0.9999903860311916,0.9999999999614078,1.0,0.9999903860311916,0.0,0.0,1,1,1,1,1,0,5183.0,5183.0,5183.0,324.0,324.0,nan,1.0,14018.0,14018.0,0.0,14017.0,0.0,nan,0.0,nan,14018.0,1.0,0.8324945701117762,18877.0,15715.0,0.00859106529209622,15714.0,135.0,1.0,135.0,23.42222222222222,1.0,0.0,0.6528264488660338,0.653077364693268,0.00025091582723321833,0.0,0.11372829861111111,0.11458333333333333,0.0
N192_M96,new_02,additive,new,2026082702,6904f018d720f85f9dfd8cc3c9b07950da23e63cd1a08801cb8445ceb5209678,lambda_pSA,0.95,20300936,2.5,3,19200,0.0,0,0,0.0,0,0.17859375,0.98921875,0.00038736979166666667,0.00018174532562704174,0.1399078341013825,0.9974274668198734,0.9993534998732975,0.9994020639645058,0.9974274668198734,0.0,0.0,1.0,0.0,0.0,0.0,nan,0.9999916279144693,0.9999999999649765,1.0,0.9999916279144693,0.0,0.0,1,1,1,1,1,0,208.0,208.0,208.0,162.0,206.0,nan,1.0,18993.0,18993.0,0.0,18992.0,0.0,nan,0.0,nan,18993.0,1.0,1.0,18995.0,18995.0,0.0,18994.0,0.0,nan,0.0,nan,18995.0,1.0,0.6970153305127286,0.6981598577643985,0.0011445272516702463,0.0,0.10473551432291667,0.10416666666666667,0.0
N192_M96,new_02,additive,new,2026082702,6904f018d720f85f9dfd8cc3c9b07950da23e63cd1a08801cb8445ceb5209678,lambda_pSA,0.95,20300936,2.5,4,19200,0.0,0,0,0.0,0,0.21395833333333333,0.9822916666666667,0.0003955078125,0.00018619453169764835,0.10373054213633924,0.9971271826886818,0.9993004085606115,0.9992219355573823,0.9971271826886818,0.0,0.0,1.0,0.0,0.0,0.0,nan,0.9999918072059872,0.9999999999640127,1.0,0.9999918072059872,0.0,0.0,1,1,1,1,1,0,341.0,341.0,341.0,235.0,326.0,nan,1.0,18860.0,18860.0,0.0,18859.0,0.0,nan,0.0,nan,18860.0,1.0,0.9997350993377483,18875.0,18870.0,0.00010599395834437437,18869.0,2.0,1.0,2.0,2.5,2.0,0.0,0.7028228349817162,0.7040300487967234,0.0012072138150074968,0.0,0.08393880208333333,0.08333333333333333,0.0
N192_M96,new_02,additive,new,2026082702,6904f018d720f85f9dfd8cc3c9b07950da23e63cd1a08801cb8445ceb5209678,lambda_pSA,0.95,20308958,2.5,0,19200,0.0,0,0,0.0,0,0.5390625,0.88828125,0.0008555772569444444,0.00041711649818431643,0.08845315904139434,0.9940960425152681,0.9984972184291699,0.9981269826542425,0.9940960425152681,0.0,0.0,1.0,0.0,0.0,0.0,nan,0.9999904121296438,0.9999999999631296,1.0,0.9999904121296438,0.0,0.0,1,1,1,1,1,0,2146.0,2146.0,2146.0,401.0,414.0,nan,1.0,17055.0,17055.0,0.0,17054.0,0.0,nan,0.0,nan,17055.0,1.0,0.9929738649065843,18787.0,18655.0,0.0036989385654551303,18654.0,69.0,1.0,69.0,1.9130434782608696,1.0,0.0,0.6535723646449696,0.6538270642887987,0.00025469964382919324,0.0,0.1250021701388889,0.125,0.0
N192_M96,new_02,additive,new,2026082702,6904f018d720f85f9dfd8cc3c9b07950da23e63cd1a08801cb8445ceb5209678,lambda_pSA,0.95,20308958,2.5,1,19200,0.0,0,0,0.0,0,0.35994791666666665,0.93984375,0.0005517578125,0.00026333716889644554,0.059008785015746724,0.9960077088296658,0.9990040443948364,0.9987593742124007,0.9960077088296658,0.0,0.0,1.0,0.0,0.0,0.0,nan,0.9999918534391555,0.9999999999659018,1.0,0.9999918534391555,0.0,0.0,1,1,1,1,1,0,1156.0,1156.0,1156.0,465.0,1068.0,nan,1.0,18045.0,18045.0,0.0,18044.0,0.0,nan,0.0,nan,18045.0,1.0,0.9981801136050295,18133.0,18100.0,0.00038676169954141113,18099.0,7.0,1.0,7.0,4.714285714285714,1.0,0.0,0.7050076269353982,0.7065322069419915,0.0015245800065941757,0.0,0.09410563151041666,0.09375,0.0
N192_M96,new_02,additive,new,2026082702,6904f018d720f85f9dfd8cc3c9b07950da23e63cd1a08801cb8445ceb5209678,lambda_pSA,0.95,20308958,2.5,2,19200,0.0,0,0,0.0,0,0.10151041666666667,0.985625,0.00018120659722222222,7.875082722312907e-05,0.09694793536804308,0.9985255389356538,0.9997018992738425,0.999651930928772,0.9985255389356538,0.0,0.0,1.0,0.0,0.0,0.0,nan,0.9999922605837552,0.9999999999658035,1.0,0.9999922605837552,0.0,0.0,1,1,1,1,1,0,277.0,277.0,277.0,54.0,58.0,nan,1.0,18924.0,18924.0,0.0,18923.0,0.0,nan,0.0,nan,18924.0,1.0,0.9950373504675338,19143.0,19048.0,0.001417546070247283,19047.0,27.0,1.0,27.0,3.5185185185185186,2.0,0.0,0.7208636490209109,0.7213761640336198,0.0005125150127096628,0.0,0.0679050021701389,0.06770833333333333,0.0
N192_M96,new_02,additive,new,2026082702,6904f018d720f85f9dfd8cc3c9b07950da23e63cd1a08801cb8445ceb5209678,lambda_pSA,0.95,20308958,2.5,3,19200,0.0,0,0,0.0,0,0.09270833333333334,0.9940625,0.00021809895833333333,9.501739632787625e-05,0.1585195530726257,0.99845565864454,0.9996509278993659,0.9996847590210601,0.99845565864454,0.0,0.0,1.0,0.0,0.0,0.0,nan,0.9999926930417424,0.9999999999662799,1.0,0.9999926930417424,0.0,0.0,1,1,1,1,1,0,115.0,115.0,115.0,86.0,87.0,nan,1.0,19086.0,19086.0,0.0,19085.0,0.0,nan,0.0,nan,19086.0,1.0,0.9999476823270901,19114.0,19113.0,5.2323147760569277e-05,19112.0,1.0,1.0,1.0,1.0,1.0,0.0,0.7346602228708875,0.7353557404348039,0.0006955175639166786,0.0,0.07331868489583333,0.07291666666666667,0.0
N192_M96,new_02,additive,new,2026082702,6904f018d720f85f9dfd8cc3c9b07950da23e63cd1a08801cb8445ceb5209678,lambda_pSA,0.95,20308958,2.5,4,19200,0.0,0,0,0.0,0,1.7176041666666666,0.57421875,0.002230902777777778,0.0011547042560559526,0.025431403744951658,0.9839179003512342,0.9953804948741477,0.9939650714777531,0.9839179003512342,0.0,0.0,1.0,0.0,0.0,0.0,nan,0.9999903575677007,0.9999999999614625,1.0,0.9999903575677007,0.0,0.0,1,1,1,1,1,0,8176.0,8176.0,8176.0,7094.0,7106.0,nan,1.0,11025.0,11025.0,0.0,11024.0,0.0,nan,0.0,nan,11025.0,1.0,0.96924348904506,12095.0,11723.0,0.004862651424671557,11722.0,57.0,1.0,57.0,6.526315789473684,2.0,0.0,0.6466344441960163,0.6488979072468071,0.002263463050789716,0.0,0.09324273003472222,0.09375,0.0
N192_M96,new_02,additive,new,2026082702,6904f018d720f85f9dfd8cc3c9b07950da23e63cd1a08801cb8445ceb5209678,lambda_pSA,0.95,20316980,2.5,0,19200,0.0,0,0,0.0,0,0.115,0.9919270833333333,0.00026529947916666667,0.00011973128065229384,0.17036802030456852,0.9981362728488321,0.9995733208352383,0.9995822071238026,0.9981362728488321,0.0,0.0,1.0,0.0,0.0,0.0,nan,0.9999911229543887,0.9999999999633693,1.0,0.9999911229543887,0.0,0.0,1,1,1,1,1,0,155.0,155.0,155.0,79.0,96.0,nan,0.9999474955371207,19046.0,19045.0,5.250997689561016e-05,19044.0,1.0,1.0,1.0,1.0,1.0,0.0,0.9998429730437058,19105.0,19102.0,5.23532799329878e-05,19101.0,1.0,1.0,1.0,3.0,45.0,0.0,0.6791703402512282,0.6798164613389297,0.0006461210877022941,0.0,0.09416937934027778,0.09375,0.0
N192_M96,new_02,additive,new,2026082702,6904f018d720f85f9dfd8cc3c9b07950da23e63cd1a08801cb8445ceb5209678,lambda_pSA,0.95,20316980,2.5,1,19200,0.0,0,0,0.0,0,0.58453125,0.9318229166666667,0.0008984375,0.0004408969557310446,0.05236262890564876,0.9938270944279848,0.9983389199641439,0.9980011041674862,0.9938270944279848,0.0,0.0,1.0,0.0,0.0,0.0,nan,0.999990384449341,0.9999999999636996,1.0,0.999990384449341,0.0,0.0,1,1,1,1,1,0,1310.0,1310.0,1310.0,1200.0,1200.0,nan,1.0,17891.0,17891.0,0.0,17890.0,0.0,nan,0.0,nan,17891.0,1.0,0.9955002499861119,18001.0,17920.0,0.0003906467994865785,17919.0,7.0,1.0,7.0,11.571428571428571,1.0,0.0,0.6527993494599211,0.6534307187173973,0.0006313692574765706,0.0,0.11444580078125,0.11458333333333333,0.0
N192_M96,new_02,additive,new,2026082702,6904f018d720f85f9dfd8cc3c9b07950da23e63cd1a08801cb8445ceb5209678,lambda_pSA,0.95,20316980,2.5,2,19200,0.0,0,0,0.0,0,0.5226041666666666,0.91875,0.0007161458333333333,0.00034708837813222584,0.035308629285090196,0.9949174905906678,0.9987506542165427,0.9984324696362207,0.9949174905906678,0.0,0.0,1.0,0.0,0.0,0.0,nan,0.9999916701019133,0.9999999999668028,1.0,0.9999916701019133,0.0,0.0,1,1,1,1,1,0,1561.0,1561.0,1561.0,1506.0,1516.0,nan,1.0,17640.0,17640.0,0.0,17639.0,0.0,nan,0.0,nan,17640.0,1.0,0.9986994628216003,17685.0,17662.0,0.00033973161202649905,17661.0,6.0,1.0,6.0,3.8333333333333335,1.0,0.0,0.6962782844638413,0.6998604273116539,0.003582142847813437,0.0,0.07535373263888889,0.07291666666666667,0.0
N192_M96,new_02,additive,new,2026082702,6904f018d720f85f9dfd8cc3c9b07950da23e63cd1a08801cb8445ceb5209678,lambda_pSA,0.95,20316980,2.5,3,19200,0.0,0,0,0.0,0,0.32609375,0.9697395833333333,0.0005398220486111111,0.0002568119855760445,0.07244170760395766,0.9960843989906945,0.9990363300749544,0.9989037092661933,0.9960843989906945,0.0,0.0,1.0,0.0,0.0,0.0,nan,0.9999915967750371,0.9999999999665047,1.0,0.9999915967750371,0.0,0.0,1,1,1,1,1,0,582.0,582.0,582.0,549.0,554.0,nan,1.0,18619.0,18619.0,0.0,18618.0,0.0,nan,0.0,nan,18619.0,1.0,0.9993028369174666,18647.0,18634.0,0.00010733644609026995,18633.0,2.0,1.0,2.0,6.5,2.0,0.0,0.6944046086223562,0.6961675405111117,0.0017629318887554975,0.0,0.08965576171875,0.08854166666666667,0.0
N192_M96,new_02,additive,new,2026082702,6904f018d720f85f9dfd8cc3c9b07950da23e63cd1a08801cb8445ceb5209678,lambda_pSA,0.95,20316980,2.5,4,19200,0.0,0,0,0.0,0,0.15828125,0.9890625,0.0003634982638888889,0.00016896990026701048,0.136217036615443,0.9976394017990923,0.9994196808336887,0.9994571421750341,0.9976394017990923,0.0,0.0,1.0,0.0,0.0,0.0,nan,0.9999924464120312,0.9999999999682456,1.0,0.9999924464120312,0.0,0.0,1,1,1,1,1,0,211.0,211.0,211.0,140.0,149.0,nan,1.0,18990.0,18990.0,0.0,18989.0,0.0,nan,0.0,nan,18990.0,1.0,0.9972706277556163,19052.0,19000.0,0.00015790304752881732,18999.0,3.0,1.0,3.0,17.333333333333332,3.0,0.0,0.7252529012476903,0.7265468254943003,0.0012939242466104691,0.0,0.08410400390625,0.08333333333333333,0.0
N192_M96,new_02,additive,new,2026082702,6904f018d720f85f9dfd8cc3c9b07950da23e63cd1a08801cb8445ceb5209678,lambda_pSA,0.95,20325002,2.5,0,19200,0.026041666666666668,1,1,0.03125,2,1.5938020833333333,0.0,0.001826171875,0.00092909249877262,0.03165209635912634,0.987140394592719,0.9963294956915091,0.9943131320475438,0.987140394592719,1.4891666666666667,0.015512152777777777,0.0,0.028101128472222223,0.001591796875,0.0008194680602833751,0.0283044368073522,0.9889984082827212,0.9967089434775787,0.9946278211805556,0.9889984082827212,0.0,0.0,0,0,0,1,1,0,nan,nan,nan,197.0,197.0,nan,nan,nan,nan,nan,nan,nan,nan,nan,nan,nan,nan,0.977899389602189,19004.0,18584.0,0.011031588010547275,18583.0,205.0,1.0,205.0,2.048780487804878,3.0,0.0,0.6760403380859553,0.6768949068417394,-0.000650351242680203,-0.0015049199984641657,0.10111572265625,0.10073350694444444,0.0
N192_M96,new_02,additive,new,2026082702,6904f018d720f85f9dfd8cc3c9b07950da23e63cd1a08801cb8445ceb5209678,lambda_pSA,0.95,20325002,2.5,1,19200,0.0,0,0,0.0,0,0.27171875,0.8985416666666667,0.00035264756944444444,0.00016355517238470245,0.05924230867022629,0.9974428326453589,0.999396641597861,0.999306301049067,0.9974428326453589,0.0,0.0,1.0,0.0,0.0,0.0,nan,0.9999922851201627,0.9999999999708923,1.0,0.9999922851201627,0.0,0.0,1,1,1,1,1,0,1949.0,1949.0,1949.0,300.0,319.0,nan,1.0,17252.0,17252.0,0.0,17251.0,0.0,nan,0.0,nan,17252.0,1.0,0.9995233555767398,18882.0,18873.0,0.000211954217888936,18872.0,4.0,1.0,4.0,2.25,1.0,0.0,0.7219040670130351,0.7224818784580544,0.0005778114450201208,0.0,0.08837158203125,0.08854166666666667,0.0
N192_M96,new_02,additive,new,2026082702,6904f018d720f85f9dfd8cc3c9b07950da23e63cd1a08801cb8445ceb5209678,lambda_pSA,0.95,20325002,2.5,2,19200,0.0,0,0,0.0,0,0.21,0.98515625,0.0004128689236111111,0.00019300002500845394,0.10622710622710622,0.9971906871910605,0.9993220132747114,0.9992805234273455,0.9971906871910605,0.0,0.0,1.0,0.0,0.0,0.0,nan,0.9999915310120558,0.9999999999640186,1.0,0.9999915310120558,0.0,0.0,1,1,1,1,1,0,280.0,280.0,280.0,262.0,271.0,nan,0.9996828920247344,18921.0,18915.0,5.287088928835783e-05,18914.0,1.0,1.0,1.0,6.0,1.0,0.0,0.9999471737982039,18930.0,18929.0,5.283178360101437e-05,18928.0,1.0,1.0,1.0,1.0,13.0,0.0,0.6940063801635896,0.6951630037300217,0.0011566235664315031,0.0,0.08402669270833334,0.08333333333333333,0.0
N192_M96,new_02,additive,new,2026082702,6904f018d720f85f9dfd8cc3c9b07950da23e63cd1a08801cb8445ceb5209678,lambda_pSA,0.95,20325002,2.5,3,19200,0.0,0,0,0.0,0,2.9721875,0.5734375,0.003937717013888889,0.0020395186769834226,0.04937762143147071,0.9733424069444785,0.9926077775084606,0.9906728894428123,0.9733424069444785,0.0,0.0,1.0,0.0,0.0,0.0,nan,0.9999912058641206,0.9999999999679794,1.0,0.9999912058641206,0.0,0.0,1,1,1,1,1,0,8191.0,8191.0,8191.0,5274.0,5302.0,nan,1.0,11010.0,11010.0,0.0,11009.0,0.0,nan,0.0,nan,11010.0,1.0,0.8337290452550543,13899.0,11588.0,0.012772935185984293,11587.0,148.0,1.0,148.0,15.614864864864865,4.0,0.0,0.6832036916321974,0.6830619158251555,-0.00014177580704290038,0.0,0.10262803819444444,0.10416666666666667,0.0
N192_M96,new_02,additive,new,2026082702,6904f018d720f85f9dfd8cc3c9b07950da23e63cd1a08801cb8445ceb5209678,lambda_pSA,0.95,20325002,2.5,4,19200,0.0,0,0,0.0,0,0.6691145833333333,0.9108854166666667,0.0010704210069444444,0.0005253827954902365,0.07199004090343233,0.9925952131425965,0.997932424505913,0.9974688345163073,0.9925952131425965,0.0,0.0,1.0,0.0,0.0,0.0,nan,0.9999905213107109,0.9999999999612718,1.0,0.9999905213107109,0.0,0.0,1,1,1,1,1,0,1712.0,1712.0,1712.0,449.0,456.0,nan,1.0,17489.0,17489.0,0.0,17488.0,0.0,nan,0.0,nan,17489.0,1.0,0.9493198186182982,18745.0,17795.0,0.0015735641227380016,17794.0,28.0,1.0,28.0,33.92857142857143,3.0,0.0,0.6563748938389133,0.6584759282130017,0.0021010343740864657,0.0,0.10987006293402778,0.109375,0.0
N192_M96,new_02,additive,new,2026082702,6904f018d720f85f9dfd8cc3c9b07950da23e63cd1a08801cb8445ceb5209678,lambda_pSA,0.95,20333024,2.5,0,19200,0.0,0,0,0.0,0,4.2715625,0.41479166666666667,0.005406901041666667,0.0028759346497640504,0.0421142054486883,0.9623613342464292,0.9889552829934871,0.985813665283781,0.9623613342464292,0.0,0.0,1.0,0.0,0.0,0.0,nan,0.9999907476999893,0.9999999999648923,1.0,0.9999907476999893,0.0,0.0,1,1,1,1,1,0,11237.0,11237.0,11237.0,6497.0,10756.0,nan,1.0,7964.0,7964.0,0.0,7963.0,0.0,nan,0.0,nan,7964.0,1.0,0.9801065719360569,8445.0,8277.0,0.004108264862252296,8276.0,34.0,1.0,34.0,4.9411764705882355,16.0,0.0,0.6783708528122463,0.6676591068757037,-0.010711745936542024,0.0,0.09425835503472223,0.109375,0.0
N192_M96,new_02,additive,new,2026082702,6904f018d720f85f9dfd8cc3c9b07950da23e63cd1a08801cb8445ceb5209678,lambda_pSA,0.95,20333024,2.5,1,19200,0.0,0,0,0.0,0,0.43046875,0.9386979166666667,0.0006315104166666666,0.0003060537263405058,0.05918437453992246,0.995519907357959,0.9988569032596535,0.9985982261741857,0.995519907357959,0.0,0.0,1.0,0.0,0.0,0.0,nan,0.9999910620306492,0.9999999999683509,1.0,0.9999910620306492,0.0,0.0,1,1,1,1,1,0,1178.0,1178.0,1178.0,637.0,769.0,nan,1.0,18023.0,18023.0,0.0,18022.0,0.0,nan,0.0,nan,18023.0,1.0,0.9871961805555556,18432.0,18196.0,0.0008793624622148942,18195.0,16.0,1.0,16.0,14.75,3.0,0.0,0.6764335199707832,0.6765991436188928,0.0001656236481082751,0.0,0.10932535807291667,0.109375,0.0
N192_M96,new_02,additive,new,2026082702,6904f018d720f85f9dfd8cc3c9b07950da23e63cd1a08801cb8445ceb5209678,lambda_pSA,0.95,20333024,2.5,2,19200,0.0,0,0,0.0,0,0.29484375,0.9808854166666666,0.0006092664930555556,0.000292197907765037,0.1084281617170876,0.9959565622701058,0.9989260993213679,0.9988741326412821,0.9959565622701058,0.0,0.0,1.0,0.0,0.0,0.0,nan,0.9999900804972187,0.9999999999597355,1.0,0.9999900804972187,0.0,0.0,1,1,1,1,1,0,366.0,366.0,366.0,339.0,346.0,nan,0.9998938147066632,18835.0,18833.0,5.310110450297366e-05,18832.0,1.0,1.0,1.0,2.0,4.0,0.0,0.9998939273402281,18855.0,18853.0,0.00010608953957139826,18852.0,2.0,1.0,2.0,1.0,13.0,0.0,0.639771098747086,0.6412950923215912,0.0015239935745047979,0.0,0.10516194661458333,0.10416666666666667,0.0
N192_M96,new_02,additive,new,2026082702,6904f018d720f85f9dfd8cc3c9b07950da23e63cd1a08801cb8445ceb5209678,lambda_pSA,0.95,20333024,2.5,3,19200,0.0,0,0,0.0,0,0.4366145833333333,0.9567708333333333,0.0007210286458333333,0.0003484570414906545,0.07339254374301973,0.9951428067356238,0.9987031891063228,0.9984894349976858,0.9951428067356238,0.0,0.0,1.0,0.0,0.0,0.0,nan,0.9999919021025183,0.999999999965715,1.0,0.9999919021025183,0.0,0.0,1,1,1,1,1,0,831.0,831.0,831.0,650.0,829.0,nan,1.0,18370.0,18370.0,0.0,18369.0,0.0,nan,0.0,nan,18370.0,1.0,1.0,18372.0,18372.0,0.0,18371.0,0.0,nan,0.0,nan,18372.0,1.0,0.7069308423010359,0.708373768537854,0.0014429262368185038,0.0,0.08921142578125,0.08854166666666667,0.0
N192_M96,new_02,additive,new,2026082702,6904f018d720f85f9dfd8cc3c9b07950da23e63cd1a08801cb8445ceb5209678,lambda_pSA,0.95,20333024,2.5,4,19200,0.0,0,0,0.0,0,0.18140625,0.9891666666666666,0.00038248697916666666,0.00017770440149891218,0.12330778013374653,0.9974259272142337,0.9993801225051514,0.9993795519643542,0.9974259272142337,0.0,0.0,1.0,0.0,0.0,0.0,nan,0.9999911285369858,0.9999999999646801,1.0,0.9999911285369858,0.0,0.0,1,1,1,1,1,0,209.0,209.0,209.0,178.0,203.0,nan,1.0,18992.0,18992.0,0.0,18991.0,0.0,nan,0.0,nan,18992.0,1.0,0.9997894515212128,18998.0,18994.0,5.2650976675617333e-05,18993.0,1.0,1.0,1.0,4.0,1.0,0.0,0.6798560799299345,0.6808063822877892,0.0009503023578553169,0.0,0.10472249348958333,0.10416666666666667,0.0
