size,code_id,scope,EbNo_dB,metric,mean_paired_difference,ci95_low,ci95_high,ci_sufficient_for_directional_conclusion,additional_trials_required,criterion
N192_M96,existing_00,per_EbNo,2.0,BER,0.2849479166666667,0.2821889664168465,0.2877068669164869,1,0,paired seed-batch 95% CI for pSA-minus-additive is entirely above zero
N192_M96,existing_00,per_EbNo,2.0,FER,0.876,0.8528320548367103,0.8991679451632897,1,0,paired seed-batch 95% CI for pSA-minus-additive is entirely above zero
N192_M96,existing_00,per_EbNo,2.5,BER,0.27784895833333334,0.274432517349888,0.2812653993167787,1,0,paired seed-batch 95% CI for pSA-minus-additive is entirely above zero
N192_M96,existing_00,per_EbNo,2.5,FER,0.9570000000000001,0.9359269675282416,0.9780730324717586,1,0,paired seed-batch 95% CI for pSA-minus-additive is entirely above zero
N192_M96,existing_00,per_EbNo,3.0,BER,0.2582083333333333,0.2534643146452821,0.26295235202138456,1,0,paired seed-batch 95% CI for pSA-minus-additive is entirely above zero
N192_M96,existing_00,per_EbNo,3.0,FER,0.9850000000000001,0.9753140217045487,0.9946859782954515,1,0,paired seed-batch 95% CI for pSA-minus-additive is entirely above zero
N192_M96,existing_00,pooled_across_EbNo,,BER,0.27366840277777776,0.27127977906329487,0.27605702649226066,1,0,paired seed-batch 95% CI for pSA-minus-additive is entirely above zero
N192_M96,existing_00,pooled_across_EbNo,,FER,0.9393333333333332,0.9303547958121376,0.9483118708545288,1,0,paired seed-batch 95% CI for pSA-minus-additive is entirely above zero
N192_M96,new_01,per_EbNo,2.0,BER,0.2850989583333333,0.28148611295637876,0.2887118037102879,1,0,paired seed-batch 95% CI for pSA-minus-additive is entirely above zero
N192_M96,new_01,per_EbNo,2.0,FER,0.8559999999999999,0.828980081713635,0.8830199182863647,1,0,paired seed-batch 95% CI for pSA-minus-additive is entirely above zero
N192_M96,new_01,per_EbNo,2.5,BER,0.27682291666666664,0.2741911191261006,0.27945471420723267,1,0,paired seed-batch 95% CI for pSA-minus-additive is entirely above zero
N192_M96,new_01,per_EbNo,2.5,FER,0.9490000000000001,0.9337502342202108,0.9642497657797894,1,0,paired seed-batch 95% CI for pSA-minus-additive is entirely above zero
N192_M96,new_01,per_EbNo,3.0,BER,0.26004687499999996,0.2572715121115515,0.2628222378884484,1,0,paired seed-batch 95% CI for pSA-minus-additive is entirely above zero
N192_M96,new_01,per_EbNo,3.0,FER,0.9810000000000001,0.9711973189609656,0.9908026810390346,1,0,paired seed-batch 95% CI for pSA-minus-additive is entirely above zero
N192_M96,new_01,pooled_across_EbNo,,BER,0.27398958333333334,0.2722745798389913,0.2757045868276754,1,0,paired seed-batch 95% CI for pSA-minus-additive is entirely above zero
N192_M96,new_01,pooled_across_EbNo,,FER,0.9286666666666668,0.9187901474583363,0.9385431858749972,1,0,paired seed-batch 95% CI for pSA-minus-additive is entirely above zero
N192_M96,new_02,per_EbNo,2.0,BER,0.2859166666666667,0.2813443671466428,0.2904889661866906,1,0,paired seed-batch 95% CI for pSA-minus-additive is entirely above zero
N192_M96,new_02,per_EbNo,2.0,FER,0.8799999999999999,0.8688155956475124,0.8911844043524874,1,0,paired seed-batch 95% CI for pSA-minus-additive is entirely above zero
N192_M96,new_02,per_EbNo,2.5,BER,0.27777083333333336,0.27362998422102214,0.2819116824456446,1,0,paired seed-batch 95% CI for pSA-minus-additive is entirely above zero
N192_M96,new_02,per_EbNo,2.5,FER,0.9650000000000001,0.9498249884242106,0.9801750115757896,1,0,paired seed-batch 95% CI for pSA-minus-additive is entirely above zero
N192_M96,new_02,per_EbNo,3.0,BER,0.25817708333333333,0.2550711925974746,0.26128297406919204,1,0,paired seed-batch 95% CI for pSA-minus-additive is entirely above zero
N192_M96,new_02,per_EbNo,3.0,FER,0.9860000000000001,0.9790889957115565,0.9929110042884437,1,0,paired seed-batch 95% CI for pSA-minus-additive is entirely above zero
N192_M96,new_02,pooled_across_EbNo,,BER,0.27395486111111106,0.27147170201412557,0.27643802020809655,1,0,paired seed-batch 95% CI for pSA-minus-additive is entirely above zero
N192_M96,new_02,pooled_across_EbNo,,FER,0.9436666666666668,0.9371654697068816,0.9501678636264519,1,0,paired seed-batch 95% CI for pSA-minus-additive is entirely above zero
N192_M96,new_03,per_EbNo,2.0,BER,0.28622395833333336,0.2818057524448511,0.2906421642218156,1,0,paired seed-batch 95% CI for pSA-minus-additive is entirely above zero
N192_M96,new_03,per_EbNo,2.0,FER,0.8869999999999999,0.8629056957282186,0.9110943042717812,1,0,paired seed-batch 95% CI for pSA-minus-additive is entirely above zero
N192_M96,new_03,per_EbNo,2.5,BER,0.27845312499999997,0.27557364433094655,0.2813326056690534,1,0,paired seed-batch 95% CI for pSA-minus-additive is entirely above zero
N192_M96,new_03,per_EbNo,2.5,FER,0.9629999999999999,0.9517902053665905,0.9742097946334092,1,0,paired seed-batch 95% CI for pSA-minus-additive is entirely above zero
N192_M96,new_03,per_EbNo,3.0,BER,0.26290625,0.2591146606565158,0.26669783934348423,1,0,paired seed-batch 95% CI for pSA-minus-additive is entirely above zero
N192_M96,new_03,per_EbNo,3.0,FER,0.9850000000000001,0.9742036128417488,0.9957963871582514,1,0,paired seed-batch 95% CI for pSA-minus-additive is entirely above zero
N192_M96,new_03,pooled_across_EbNo,,BER,0.2758611111111111,0.2733594663999499,0.2783627558222723,1,0,paired seed-batch 95% CI for pSA-minus-additive is entirely above zero
N192_M96,new_03,pooled_across_EbNo,,FER,0.9450000000000001,0.9364948298158842,0.953505170184116,1,0,paired seed-batch 95% CI for pSA-minus-additive is entirely above zero
N192_M96,new_04,per_EbNo,2.0,BER,0.287359375,0.2840405824131086,0.29067816758689136,1,0,paired seed-batch 95% CI for pSA-minus-additive is entirely above zero
N192_M96,new_04,per_EbNo,2.0,FER,0.858,0.8422549238989838,0.8737450761010161,1,0,paired seed-batch 95% CI for pSA-minus-additive is entirely above zero
N192_M96,new_04,per_EbNo,2.5,BER,0.27770833333333333,0.27445066298916443,0.28096600367750224,1,0,paired seed-batch 95% CI for pSA-minus-additive is entirely above zero
N192_M96,new_04,per_EbNo,2.5,FER,0.9400000000000001,0.9184072256834974,0.9615927743165027,1,0,paired seed-batch 95% CI for pSA-minus-additive is entirely above zero
N192_M96,new_04,per_EbNo,3.0,BER,0.25898958333333333,0.25566159444384584,0.2623175722228208,1,0,paired seed-batch 95% CI for pSA-minus-additive is entirely above zero
N192_M96,new_04,per_EbNo,3.0,FER,0.9870000000000001,0.9763094623307449,0.9976905376692553,1,0,paired seed-batch 95% CI for pSA-minus-additive is entirely above zero
N192_M96,new_04,pooled_across_EbNo,,BER,0.27468576388888893,0.27316169497189047,0.2762098328058874,1,0,paired seed-batch 95% CI for pSA-minus-additive is entirely above zero
N192_M96,new_04,pooled_across_EbNo,,FER,0.9283333333333333,0.9197542037555446,0.9369124629111221,1,0,paired seed-batch 95% CI for pSA-minus-additive is entirely above zero
N192_M96,new_05,per_EbNo,2.0,BER,0.2911927083333333,0.2878073159111982,0.2945781007554685,1,0,paired seed-batch 95% CI for pSA-minus-additive is entirely above zero
N192_M96,new_05,per_EbNo,2.0,FER,0.893,0.8761220233250695,0.9098779766749305,1,0,paired seed-batch 95% CI for pSA-minus-additive is entirely above zero
N192_M96,new_05,per_EbNo,2.5,BER,0.2809010416666667,0.27909676020692065,0.2827053231264127,1,0,paired seed-batch 95% CI for pSA-minus-additive is entirely above zero
N192_M96,new_05,per_EbNo,2.5,FER,0.962,0.9494727408862433,0.9745272591137566,1,0,paired seed-batch 95% CI for pSA-minus-additive is entirely above zero
N192_M96,new_05,per_EbNo,3.0,BER,0.25914583333333335,0.2559866078678235,0.2623050587988432,1,0,paired seed-batch 95% CI for pSA-minus-additive is entirely above zero
N192_M96,new_05,per_EbNo,3.0,FER,0.9869999999999999,0.9787054237362015,0.9952945762637982,1,0,paired seed-batch 95% CI for pSA-minus-additive is entirely above zero
N192_M96,new_05,pooled_across_EbNo,,BER,0.27707986111111116,0.27510796324691045,0.27905175897531187,1,0,paired seed-batch 95% CI for pSA-minus-additive is entirely above zero
N192_M96,new_05,pooled_across_EbNo,,FER,0.9473333333333335,0.939979443034079,0.954687223632588,1,0,paired seed-batch 95% CI for pSA-minus-additive is entirely above zero
N192_M96,new_06,per_EbNo,2.0,BER,0.28440104166666663,0.2803650167372091,0.28843706659612417,1,0,paired seed-batch 95% CI for pSA-minus-additive is entirely above zero
N192_M96,new_06,per_EbNo,2.0,FER,0.8779999999999999,0.859902742697167,0.8960972573028327,1,0,paired seed-batch 95% CI for pSA-minus-additive is entirely above zero
N192_M96,new_06,per_EbNo,2.5,BER,0.279765625,0.27448575505968614,0.2850454949403139,1,0,paired seed-batch 95% CI for pSA-minus-additive is entirely above zero
N192_M96,new_06,per_EbNo,2.5,FER,0.9550000000000001,0.9330805388349708,0.9769194611650294,1,0,paired seed-batch 95% CI for pSA-minus-additive is entirely above zero
N192_M96,new_06,per_EbNo,3.0,BER,0.25931249999999995,0.256787982735677,0.2618370172643229,1,0,paired seed-batch 95% CI for pSA-minus-additive is entirely above zero
N192_M96,new_06,per_EbNo,3.0,FER,0.984,0.9763101443225288,0.9916898556774711,1,0,paired seed-batch 95% CI for pSA-minus-additive is entirely above zero
N192_M96,new_06,pooled_across_EbNo,,BER,0.27449305555555553,0.2720607087304903,0.27692540238062074,1,0,paired seed-batch 95% CI for pSA-minus-additive is entirely above zero
N192_M96,new_06,pooled_across_EbNo,,FER,0.9390000000000001,0.9278693875509563,0.9501306124490438,1,0,paired seed-batch 95% CI for pSA-minus-additive is entirely above zero
N192_M96,new_07,per_EbNo,2.0,BER,0.28624479166666666,0.2818560365857831,0.2906335467475502,1,0,paired seed-batch 95% CI for pSA-minus-additive is entirely above zero
N192_M96,new_07,per_EbNo,2.0,FER,0.8800000000000001,0.8618400137142668,0.8981599862857335,1,0,paired seed-batch 95% CI for pSA-minus-additive is entirely above zero
N192_M96,new_07,per_EbNo,2.5,BER,0.27925520833333334,0.27675745611294056,0.2817529605537261,1,0,paired seed-batch 95% CI for pSA-minus-additive is entirely above zero
N192_M96,new_07,per_EbNo,2.5,FER,0.9530000000000001,0.9364623400514447,0.9695376599485555,1,0,paired seed-batch 95% CI for pSA-minus-additive is entirely above zero
N192_M96,new_07,per_EbNo,3.0,BER,0.25967708333333334,0.2570877192917328,0.2622664473749339,1,0,paired seed-batch 95% CI for pSA-minus-additive is entirely above zero
N192_M96,new_07,per_EbNo,3.0,FER,0.99,0.9832555504107602,0.9967444495892398,1,0,paired seed-batch 95% CI for pSA-minus-additive is entirely above zero
N192_M96,new_07,pooled_across_EbNo,,BER,0.27505902777777774,0.2732141808040093,0.2769038747515462,1,0,paired seed-batch 95% CI for pSA-minus-additive is entirely above zero
N192_M96,new_07,pooled_across_EbNo,,FER,0.9410000000000001,0.9328127517954099,0.9491872482045902,1,0,paired seed-batch 95% CI for pSA-minus-additive is entirely above zero
N192_M96,new_08,per_EbNo,2.0,BER,0.28594791666666663,0.28156847249441763,0.29032736083891564,1,0,paired seed-batch 95% CI for pSA-minus-additive is entirely above zero
N192_M96,new_08,per_EbNo,2.0,FER,0.893,0.8754611888438698,0.9105388111561302,1,0,paired seed-batch 95% CI for pSA-minus-additive is entirely above zero
N192_M96,new_08,per_EbNo,2.5,BER,0.2796041666666667,0.2770781590673809,0.2821301742659525,1,0,paired seed-batch 95% CI for pSA-minus-additive is entirely above zero
N192_M96,new_08,per_EbNo,2.5,FER,0.958,0.9415485191682423,0.9744514808317576,1,0,paired seed-batch 95% CI for pSA-minus-additive is entirely above zero
N192_M96,new_08,per_EbNo,3.0,BER,0.25944270833333327,0.255764091927363,0.26312132473930355,1,0,paired seed-batch 95% CI for pSA-minus-additive is entirely above zero
N192_M96,new_08,per_EbNo,3.0,FER,0.9890000000000001,0.9818862840026293,0.9961137159973709,1,0,paired seed-batch 95% CI for pSA-minus-additive is entirely above zero
N192_M96,new_08,pooled_across_EbNo,,BER,0.27499826388888887,0.27299198273825476,0.277004545039523,1,0,paired seed-batch 95% CI for pSA-minus-additive is entirely above zero
N192_M96,new_08,pooled_across_EbNo,,FER,0.9466666666666667,0.9367391056754718,0.9565942276578615,1,0,paired seed-batch 95% CI for pSA-minus-additive is entirely above zero
N192_M96,new_09,per_EbNo,2.0,BER,0.28828645833333333,0.28493228231455936,0.2916406343521073,1,0,paired seed-batch 95% CI for pSA-minus-additive is entirely above zero
N192_M96,new_09,per_EbNo,2.0,FER,0.877,0.8576133732391864,0.8963866267608136,1,0,paired seed-batch 95% CI for pSA-minus-additive is entirely above zero
N192_M96,new_09,per_EbNo,2.5,BER,0.27739583333333334,0.27171439982431905,0.28307726684234763,1,0,paired seed-batch 95% CI for pSA-minus-additive is entirely above zero
N192_M96,new_09,per_EbNo,2.5,FER,0.96,0.9473822901873482,0.9726177098126517,1,0,paired seed-batch 95% CI for pSA-minus-additive is entirely above zero
N192_M96,new_09,per_EbNo,3.0,BER,0.25878645833333336,0.25664469488297137,0.26092822178369535,1,0,paired seed-batch 95% CI for pSA-minus-additive is entirely above zero
N192_M96,new_09,per_EbNo,3.0,FER,0.993,0.9862135285114377,0.9997864714885623,1,0,paired seed-batch 95% CI for pSA-minus-additive is entirely above zero
N192_M96,new_09,pooled_across_EbNo,,BER,0.27482291666666664,0.27263187425221197,0.2770139590811213,1,0,paired seed-batch 95% CI for pSA-minus-additive is entirely above zero
N192_M96,new_09,pooled_across_EbNo,,FER,0.9433333333333334,0.935627063857726,0.9510396028089407,1,0,paired seed-batch 95% CI for pSA-minus-additive is entirely above zero
N288_M144,existing_00,per_EbNo,2.0,BER,0.3086597222222222,0.3050433647255178,0.3122760797189266,1,0,paired seed-batch 95% CI for pSA-minus-additive is entirely above zero
N288_M144,existing_00,per_EbNo,2.0,FER,0.837,0.8153940633693726,0.8586059366306273,1,0,paired seed-batch 95% CI for pSA-minus-additive is entirely above zero
N288_M144,existing_00,per_EbNo,2.5,BER,0.3197604166666667,0.31784915891657317,0.32167167441676026,1,0,paired seed-batch 95% CI for pSA-minus-additive is entirely above zero
N288_M144,existing_00,per_EbNo,2.5,FER,0.96,0.9438273780262652,0.9761726219737348,1,0,paired seed-batch 95% CI for pSA-minus-additive is entirely above zero
N288_M144,existing_00,per_EbNo,3.0,BER,0.31678124999999996,0.3142959081772845,0.31926659182271544,1,0,paired seed-batch 95% CI for pSA-minus-additive is entirely above zero
N288_M144,existing_00,per_EbNo,3.0,FER,0.991,0.9847363704431217,0.9972636295568783,1,0,paired seed-batch 95% CI for pSA-minus-additive is entirely above zero
N288_M144,existing_00,pooled_across_EbNo,,BER,0.31506712962962957,0.3133999986962856,0.31673426056297355,1,0,paired seed-batch 95% CI for pSA-minus-additive is entirely above zero
N288_M144,existing_00,pooled_across_EbNo,,FER,0.9293333333333335,0.921400836015623,0.937265830651044,1,0,paired seed-batch 95% CI for pSA-minus-additive is entirely above zero
N288_M144,new_01,per_EbNo,2.0,BER,0.30995833333333334,0.3059860986418582,0.31393056802480845,1,0,paired seed-batch 95% CI for pSA-minus-additive is entirely above zero
N288_M144,new_01,per_EbNo,2.0,FER,0.829,0.7991315289957037,0.8588684710042962,1,0,paired seed-batch 95% CI for pSA-minus-additive is entirely above zero
N288_M144,new_01,per_EbNo,2.5,BER,0.31719791666666663,0.31363143802084203,0.32076439531249124,1,0,paired seed-batch 95% CI for pSA-minus-additive is entirely above zero
N288_M144,new_01,per_EbNo,2.5,FER,0.952,0.9381779914231126,0.9658220085768873,1,0,paired seed-batch 95% CI for pSA-minus-additive is entirely above zero
N288_M144,new_01,per_EbNo,3.0,BER,0.3158020833333333,0.31280163689794416,0.3188025297687225,1,0,paired seed-batch 95% CI for pSA-minus-additive is entirely above zero
N288_M144,new_01,per_EbNo,3.0,FER,0.984,0.9779675808990557,0.9900324191009443,1,0,paired seed-batch 95% CI for pSA-minus-additive is entirely above zero
N288_M144,new_01,pooled_across_EbNo,,BER,0.3143194444444445,0.311837631535955,0.31680125735293396,1,0,paired seed-batch 95% CI for pSA-minus-additive is entirely above zero
N288_M144,new_01,pooled_across_EbNo,,FER,0.9216666666666666,0.909546970197198,0.9337863631361353,1,0,paired seed-batch 95% CI for pSA-minus-additive is entirely above zero
N288_M144,new_02,per_EbNo,2.0,BER,0.3100694444444444,0.3070181023893402,0.3131207864995486,1,0,paired seed-batch 95% CI for pSA-minus-additive is entirely above zero
N288_M144,new_02,per_EbNo,2.0,FER,0.8320000000000001,0.8204160274183553,0.8435839725816449,1,0,paired seed-batch 95% CI for pSA-minus-additive is entirely above zero
N288_M144,new_02,per_EbNo,2.5,BER,0.3190486111111111,0.31609967595518457,0.32199754626703764,1,0,paired seed-batch 95% CI for pSA-minus-additive is entirely above zero
N288_M144,new_02,per_EbNo,2.5,FER,0.9549999999999998,0.9465694380134502,0.9634305619865495,1,0,paired seed-batch 95% CI for pSA-minus-additive is entirely above zero
N288_M144,new_02,per_EbNo,3.0,BER,0.31645138888888885,0.3139310500667922,0.3189717277109855,1,0,paired seed-batch 95% CI for pSA-minus-additive is entirely above zero
N288_M144,new_02,per_EbNo,3.0,FER,0.992,0.9838786072389273,1.0001213927610728,1,0,paired seed-batch 95% CI for pSA-minus-additive is entirely above zero
N288_M144,new_02,pooled_across_EbNo,,BER,0.3151898148148148,0.3144543308327018,0.31592529879692777,1,0,paired seed-batch 95% CI for pSA-minus-additive is entirely above zero
N288_M144,new_02,pooled_across_EbNo,,FER,0.9263333333333333,0.9217742428285575,0.9308924238381092,1,0,paired seed-batch 95% CI for pSA-minus-additive is entirely above zero
N288_M144,new_03,per_EbNo,2.0,BER,0.31322222222222224,0.31098211235755685,0.3154623320868876,1,0,paired seed-batch 95% CI for pSA-minus-additive is entirely above zero
N288_M144,new_03,per_EbNo,2.0,FER,0.8460000000000001,0.8181510577496447,0.8738489422503555,1,0,paired seed-batch 95% CI for pSA-minus-additive is entirely above zero
N288_M144,new_03,per_EbNo,2.5,BER,0.31909027777777776,0.3168417071577919,0.3213388483977636,1,0,paired seed-batch 95% CI for pSA-minus-additive is entirely above zero
N288_M144,new_03,per_EbNo,2.5,FER,0.9559999999999998,0.9390715658831266,0.9729284341168731,1,0,paired seed-batch 95% CI for pSA-minus-additive is entirely above zero
N288_M144,new_03,per_EbNo,3.0,BER,0.31547916666666664,0.31375451316347663,0.31720382016985665,1,0,paired seed-batch 95% CI for pSA-minus-additive is entirely above zero
N288_M144,new_03,per_EbNo,3.0,FER,0.992,0.9854263236884748,0.9985736763115252,1,0,paired seed-batch 95% CI for pSA-minus-additive is entirely above zero
N288_M144,new_03,pooled_across_EbNo,,BER,0.3159305555555556,0.3149881420056988,0.3168729691054124,1,0,paired seed-batch 95% CI for pSA-minus-additive is entirely above zero
N288_M144,new_03,pooled_across_EbNo,,FER,0.9313333333333332,0.92101875904088,0.9416479076257864,1,0,paired seed-batch 95% CI for pSA-minus-additive is entirely above zero
N288_M144,new_04,per_EbNo,2.0,BER,0.3100034722222222,0.30426419717506864,0.31574274726937573,1,0,paired seed-batch 95% CI for pSA-minus-additive is entirely above zero
N288_M144,new_04,per_EbNo,2.0,FER,0.8320000000000001,0.7998663956901381,0.8641336043098621,1,0,paired seed-batch 95% CI for pSA-minus-additive is entirely above zero
N288_M144,new_04,per_EbNo,2.5,BER,0.31743402777777785,0.3150850018040938,0.3197830537514619,1,0,paired seed-batch 95% CI for pSA-minus-additive is entirely above zero
N288_M144,new_04,per_EbNo,2.5,FER,0.959,0.938363196530202,0.979636803469798,1,0,paired seed-batch 95% CI for pSA-minus-additive is entirely above zero
N288_M144,new_04,per_EbNo,3.0,BER,0.31625694444444447,0.31362521072095956,0.3188886781679294,1,0,paired seed-batch 95% CI for pSA-minus-additive is entirely above zero
N288_M144,new_04,per_EbNo,3.0,FER,0.994,0.9870889957115564,1.0009110042884437,1,0,paired seed-batch 95% CI for pSA-minus-additive is entirely above zero
N288_M144,new_04,pooled_across_EbNo,,BER,0.3145648148148148,0.31226559017931593,0.31686403945031366,1,0,paired seed-batch 95% CI for pSA-minus-additive is entirely above zero
N288_M144,new_04,pooled_across_EbNo,,FER,0.9283333333333333,0.9157532322773998,0.9409134343892669,1,0,paired seed-batch 95% CI for pSA-minus-additive is entirely above zero
N288_M144,new_05,per_EbNo,2.0,BER,0.3080173611111111,0.3031071019428102,0.312927620279412,1,0,paired seed-batch 95% CI for pSA-minus-additive is entirely above zero
N288_M144,new_05,per_EbNo,2.0,FER,0.8290000000000001,0.810391551461959,0.8476084485380412,1,0,paired seed-batch 95% CI for pSA-minus-additive is entirely above zero
N288_M144,new_05,per_EbNo,2.5,BER,0.3185451388888889,0.31641355106831587,0.32067672670946196,1,0,paired seed-batch 95% CI for pSA-minus-additive is entirely above zero
N288_M144,new_05,per_EbNo,2.5,FER,0.962,0.9509177384660508,0.9730822615339492,1,0,paired seed-batch 95% CI for pSA-minus-additive is entirely above zero
N288_M144,new_05,per_EbNo,3.0,BER,0.3169027777777778,0.31470736420282097,0.31909819135273465,1,0,paired seed-batch 95% CI for pSA-minus-additive is entirely above zero
N288_M144,new_05,per_EbNo,3.0,FER,0.9949999999999999,0.9912297380619097,0.99877026193809,1,0,paired seed-batch 95% CI for pSA-minus-additive is entirely above zero
N288_M144,new_05,pooled_across_EbNo,,BER,0.31448842592592585,0.31251325424291876,0.31646359760893294,1,0,paired seed-batch 95% CI for pSA-minus-additive is entirely above zero
N288_M144,new_05,pooled_across_EbNo,,FER,0.9286666666666668,0.9210262639502319,0.9363070693831016,1,0,paired seed-batch 95% CI for pSA-minus-additive is entirely above zero
N288_M144,new_06,per_EbNo,2.0,BER,0.3085590277777778,0.3028752177812321,0.31424283777432344,1,0,paired seed-batch 95% CI for pSA-minus-additive is entirely above zero
N288_M144,new_06,per_EbNo,2.0,FER,0.837,0.8085751253362453,0.8654248746637546,1,0,paired seed-batch 95% CI for pSA-minus-additive is entirely above zero
N288_M144,new_06,per_EbNo,2.5,BER,0.3178020833333333,0.31464522176092163,0.320958944905745,1,0,paired seed-batch 95% CI for pSA-minus-additive is entirely above zero
N288_M144,new_06,per_EbNo,2.5,FER,0.946,0.9383101443225288,0.9536898556774711,1,0,paired seed-batch 95% CI for pSA-minus-additive is entirely above zero
N288_M144,new_06,per_EbNo,3.0,BER,0.31672569444444443,0.31477761140785665,0.3186737774810322,1,0,paired seed-batch 95% CI for pSA-minus-additive is entirely above zero
N288_M144,new_06,per_EbNo,3.0,FER,0.9950000000000001,0.9899416628080703,1.00005833719193,1,0,paired seed-batch 95% CI for pSA-minus-additive is entirely above zero
N288_M144,new_06,pooled_across_EbNo,,BER,0.3143622685185185,0.3118409771423066,0.31688355989473044,1,0,paired seed-batch 95% CI for pSA-minus-additive is entirely above zero
N288_M144,new_06,pooled_across_EbNo,,FER,0.9260000000000002,0.9161491008587119,0.9358508991412884,1,0,paired seed-batch 95% CI for pSA-minus-additive is entirely above zero
N288_M144,new_07,per_EbNo,2.0,BER,0.31072916666666667,0.3067592417283025,0.31469909160503085,1,0,paired seed-batch 95% CI for pSA-minus-additive is entirely above zero
N288_M144,new_07,per_EbNo,2.0,FER,0.8400000000000001,0.8140974498579485,0.8659025501420516,1,0,paired seed-batch 95% CI for pSA-minus-additive is entirely above zero
N288_M144,new_07,per_EbNo,2.5,BER,0.3194652777777777,0.31711757270716895,0.3218129828483865,1,0,paired seed-batch 95% CI for pSA-minus-additive is entirely above zero
N288_M144,new_07,per_EbNo,2.5,FER,0.9569999999999999,0.9434900408568174,0.9705099591431823,1,0,paired seed-batch 95% CI for pSA-minus-additive is entirely above zero
N288_M144,new_07,per_EbNo,3.0,BER,0.3163576388888888,0.31319129336263607,0.3195239844151415,1,0,paired seed-batch 95% CI for pSA-minus-additive is entirely above zero
N288_M144,new_07,per_EbNo,3.0,FER,0.9970000000000001,0.9935444978557783,1.0004555021442219,1,0,paired seed-batch 95% CI for pSA-minus-additive is entirely above zero
N288_M144,new_07,pooled_across_EbNo,,BER,0.31551736111111117,0.313727874392146,0.31730684783007634,1,0,paired seed-batch 95% CI for pSA-minus-additive is entirely above zero
N288_M144,new_07,pooled_across_EbNo,,FER,0.9313333333333332,0.9206575799854503,0.9420090866812162,1,0,paired seed-batch 95% CI for pSA-minus-additive is entirely above zero
N288_M144,new_08,per_EbNo,2.0,BER,0.3120381944444444,0.3078257758377234,0.3162506130511654,1,0,paired seed-batch 95% CI for pSA-minus-additive is entirely above zero
N288_M144,new_08,per_EbNo,2.0,FER,0.8440000000000001,0.8257775006678252,0.862222499332175,1,0,paired seed-batch 95% CI for pSA-minus-additive is entirely above zero
N288_M144,new_08,per_EbNo,2.5,BER,0.316,0.31408561180407224,0.31791438819592777,1,0,paired seed-batch 95% CI for pSA-minus-additive is entirely above zero
N288_M144,new_08,per_EbNo,2.5,FER,0.9579999999999999,0.9479963646319972,0.9680036353680025,1,0,paired seed-batch 95% CI for pSA-minus-additive is entirely above zero
N288_M144,new_08,per_EbNo,3.0,BER,0.31720138888888894,0.31511508895893253,0.31928768881884534,1,0,paired seed-batch 95% CI for pSA-minus-additive is entirely above zero
N288_M144,new_08,per_EbNo,3.0,FER,0.9949999999999999,0.98994166280807,1.0000583371919298,1,0,paired seed-batch 95% CI for pSA-minus-additive is entirely above zero
N288_M144,new_08,pooled_across_EbNo,,BER,0.3150798611111111,0.31338538312997616,0.316774339092246,1,0,paired seed-batch 95% CI for pSA-minus-additive is entirely above zero
N288_M144,new_08,pooled_across_EbNo,,FER,0.9323333333333332,0.9260697037764549,0.9385969628902116,1,0,paired seed-batch 95% CI for pSA-minus-additive is entirely above zero
N288_M144,new_09,per_EbNo,2.0,BER,0.30966666666666665,0.30648208474049055,0.31285124859284275,1,0,paired seed-batch 95% CI for pSA-minus-additive is entirely above zero
N288_M144,new_09,per_EbNo,2.0,FER,0.835,0.8081807405184324,0.8618192594815676,1,0,paired seed-batch 95% CI for pSA-minus-additive is entirely above zero
N288_M144,new_09,per_EbNo,2.5,BER,0.3180868055555556,0.315503719569366,0.32066989154174513,1,0,paired seed-batch 95% CI for pSA-minus-additive is entirely above zero
N288_M144,new_09,per_EbNo,2.5,FER,0.953,0.9408179108583908,0.9651820891416091,1,0,paired seed-batch 95% CI for pSA-minus-additive is entirely above zero
N288_M144,new_09,per_EbNo,3.0,BER,0.3168229166666667,0.31531979979118513,0.3183260335421482,1,0,paired seed-batch 95% CI for pSA-minus-additive is entirely above zero
N288_M144,new_09,per_EbNo,3.0,FER,0.994,0.9889981823159987,0.9990018176840013,1,0,paired seed-batch 95% CI for pSA-minus-additive is entirely above zero
N288_M144,new_09,pooled_across_EbNo,,BER,0.31485879629629626,0.3135993856744069,0.3161182069181856,1,0,paired seed-batch 95% CI for pSA-minus-additive is entirely above zero
N288_M144,new_09,pooled_across_EbNo,,FER,0.9273333333333331,0.9186408102121301,0.9360258564545362,1,0,paired seed-batch 95% CI for pSA-minus-additive is entirely above zero
N96_M48,existing_00,per_EbNo,2.0,BER,0.034583333333333334,0.031014492234641308,0.03815217443202536,1,0,paired seed-batch 95% CI for pSA-minus-additive is entirely above zero
N96_M48,existing_00,per_EbNo,2.0,FER,0.305,0.2729638644511111,0.3370361355488889,1,0,paired seed-batch 95% CI for pSA-minus-additive is entirely above zero
N96_M48,existing_00,per_EbNo,2.5,BER,0.018583333333333334,0.015291430969099294,0.021875235697567372,1,0,paired seed-batch 95% CI for pSA-minus-additive is entirely above zero
N96_M48,existing_00,per_EbNo,2.5,FER,0.186,0.15327030421520377,0.21872969578479623,1,0,paired seed-batch 95% CI for pSA-minus-additive is entirely above zero
N96_M48,existing_00,per_EbNo,3.0,BER,0.00728125,0.005082084830519376,0.009480415169480625,1,0,paired seed-batch 95% CI for pSA-minus-additive is entirely above zero
N96_M48,existing_00,per_EbNo,3.0,FER,0.093,0.058767350354602524,0.1272326496453975,1,0,paired seed-batch 95% CI for pSA-minus-additive is entirely above zero
N96_M48,existing_00,pooled_across_EbNo,,BER,0.02014930555555556,0.01844218060046442,0.021856430510646698,1,0,paired seed-batch 95% CI for pSA-minus-additive is entirely above zero
N96_M48,existing_00,pooled_across_EbNo,,FER,0.1946666666666667,0.17229220998566316,0.21704112334767026,1,0,paired seed-batch 95% CI for pSA-minus-additive is entirely above zero
N96_M48,new_01,per_EbNo,2.0,BER,0.033875,0.02872913818934452,0.039020861810655484,1,0,paired seed-batch 95% CI for pSA-minus-additive is entirely above zero
N96_M48,new_01,per_EbNo,2.0,FER,0.34199999999999997,0.29870924890018635,0.3852907510998136,1,0,paired seed-batch 95% CI for pSA-minus-additive is entirely above zero
N96_M48,new_01,per_EbNo,2.5,BER,0.01925,0.015277068158223408,0.02322293184177659,1,0,paired seed-batch 95% CI for pSA-minus-additive is entirely above zero
N96_M48,new_01,per_EbNo,2.5,FER,0.181,0.1467009757898171,0.21529902421018288,1,0,paired seed-batch 95% CI for pSA-minus-additive is entirely above zero
N96_M48,new_01,per_EbNo,3.0,BER,0.009291666666666667,0.006343103474144339,0.012240229859188994,1,0,paired seed-batch 95% CI for pSA-minus-additive is entirely above zero
N96_M48,new_01,per_EbNo,3.0,FER,0.08199999999999999,0.0618229332572081,0.10217706674279188,1,0,paired seed-batch 95% CI for pSA-minus-additive is entirely above zero
N96_M48,new_01,pooled_across_EbNo,,BER,0.020805555555555553,0.01828146600878039,0.023329645102330716,1,0,paired seed-batch 95% CI for pSA-minus-additive is entirely above zero
N96_M48,new_01,pooled_across_EbNo,,FER,0.20166666666666666,0.18468420450406176,0.21864912882927157,1,0,paired seed-batch 95% CI for pSA-minus-additive is entirely above zero
N96_M48,new_02,per_EbNo,2.0,BER,0.033666666666666664,0.027937053740284892,0.039396279593048436,1,0,paired seed-batch 95% CI for pSA-minus-additive is entirely above zero
N96_M48,new_02,per_EbNo,2.0,FER,0.31900000000000006,0.26405756765146393,0.3739424323485362,1,0,paired seed-batch 95% CI for pSA-minus-additive is entirely above zero
N96_M48,new_02,per_EbNo,2.5,BER,0.019177083333333334,0.016062127816801622,0.022292038849865047,1,0,paired seed-batch 95% CI for pSA-minus-additive is entirely above zero
N96_M48,new_02,per_EbNo,2.5,FER,0.203,0.18113248075907706,0.22486751924092296,1,0,paired seed-batch 95% CI for pSA-minus-additive is entirely above zero
N96_M48,new_02,per_EbNo,3.0,BER,0.009364583333333332,0.006802586139201771,0.011926580527464894,1,0,paired seed-batch 95% CI for pSA-minus-additive is entirely above zero
N96_M48,new_02,per_EbNo,3.0,FER,0.089,0.07165679508478523,0.10634320491521476,1,0,paired seed-batch 95% CI for pSA-minus-additive is entirely above zero
N96_M48,new_02,pooled_across_EbNo,,BER,0.02073611111111111,0.018702369148497263,0.02276985307372496,1,0,paired seed-batch 95% CI for pSA-minus-additive is entirely above zero
N96_M48,new_02,pooled_across_EbNo,,FER,0.20366666666666666,0.18759396735530479,0.21973936597802854,1,0,paired seed-batch 95% CI for pSA-minus-additive is entirely above zero
N96_M48,new_03,per_EbNo,2.0,BER,0.03311458333333333,0.02909799799622676,0.0371311686704399,1,0,paired seed-batch 95% CI for pSA-minus-additive is entirely above zero
N96_M48,new_03,per_EbNo,2.0,FER,0.31500000000000006,0.27520631854032873,0.3547936814596714,1,0,paired seed-batch 95% CI for pSA-minus-additive is entirely above zero
N96_M48,new_03,per_EbNo,2.5,BER,0.020583333333333335,0.016985875067405638,0.024180791599261033,1,0,paired seed-batch 95% CI for pSA-minus-additive is entirely above zero
N96_M48,new_03,per_EbNo,2.5,FER,0.191,0.16019439887842263,0.22180560112157738,1,0,paired seed-batch 95% CI for pSA-minus-additive is entirely above zero
N96_M48,new_03,per_EbNo,3.0,BER,0.009937499999999998,0.006987388818493558,0.012887611181506439,1,0,paired seed-batch 95% CI for pSA-minus-additive is entirely above zero
N96_M48,new_03,per_EbNo,3.0,FER,0.093,0.06962437598384098,0.11637562401615902,1,0,paired seed-batch 95% CI for pSA-minus-additive is entirely above zero
N96_M48,new_03,pooled_across_EbNo,,BER,0.021211805555555553,0.01958544167287201,0.022838169438239096,1,0,paired seed-batch 95% CI for pSA-minus-additive is entirely above zero
N96_M48,new_03,pooled_across_EbNo,,FER,0.19966666666666666,0.18758874437222056,0.21174458896111276,1,0,paired seed-batch 95% CI for pSA-minus-additive is entirely above zero
N96_M48,new_04,per_EbNo,2.0,BER,0.033270833333333326,0.03020644839261587,0.036335218274050785,1,0,paired seed-batch 95% CI for pSA-minus-additive is entirely above zero
N96_M48,new_04,per_EbNo,2.0,FER,0.31799999999999995,0.2820260896280636,0.3539739103719363,1,0,paired seed-batch 95% CI for pSA-minus-additive is entirely above zero
N96_M48,new_04,per_EbNo,2.5,BER,0.018510416666666668,0.015628036876880354,0.02139279645645298,1,0,paired seed-batch 95% CI for pSA-minus-additive is entirely above zero
N96_M48,new_04,per_EbNo,2.5,FER,0.179,0.15552728055441786,0.20247271944558212,1,0,paired seed-batch 95% CI for pSA-minus-additive is entirely above zero
N96_M48,new_04,per_EbNo,3.0,BER,0.006854166666666666,0.003337781159790306,0.010370552173543027,1,0,paired seed-batch 95% CI for pSA-minus-additive is entirely above zero
N96_M48,new_04,per_EbNo,3.0,FER,0.07300000000000001,0.04708647652547476,0.09891352347452526,1,0,paired seed-batch 95% CI for pSA-minus-additive is entirely above zero
N96_M48,new_04,pooled_across_EbNo,,BER,0.01954513888888889,0.017671005687652546,0.021419272090125233,1,0,paired seed-batch 95% CI for pSA-minus-additive is entirely above zero
N96_M48,new_04,pooled_across_EbNo,,FER,0.19,0.1710234310598775,0.2089765689401225,1,0,paired seed-batch 95% CI for pSA-minus-additive is entirely above zero
N96_M48,new_05,per_EbNo,2.0,BER,0.034812499999999996,0.03209250031889036,0.03753249968110963,1,0,paired seed-batch 95% CI for pSA-minus-additive is entirely above zero
N96_M48,new_05,per_EbNo,2.0,FER,0.321,0.29289700265905005,0.34910299734094996,1,0,paired seed-batch 95% CI for pSA-minus-additive is entirely above zero
N96_M48,new_05,per_EbNo,2.5,BER,0.019937500000000004,0.015534066700027232,0.024340933299972778,1,0,paired seed-batch 95% CI for pSA-minus-additive is entirely above zero
N96_M48,new_05,per_EbNo,2.5,FER,0.181,0.1545651128426496,0.2074348871573504,1,0,paired seed-batch 95% CI for pSA-minus-additive is entirely above zero
N96_M48,new_05,per_EbNo,3.0,BER,0.009875000000000002,0.006955877754822638,0.012794122245177366,1,0,paired seed-batch 95% CI for pSA-minus-additive is entirely above zero
N96_M48,new_05,per_EbNo,3.0,FER,0.08,0.060628043409097235,0.09937195659090277,1,0,paired seed-batch 95% CI for pSA-minus-additive is entirely above zero
N96_M48,new_05,pooled_across_EbNo,,BER,0.021541666666666664,0.020443554029895845,0.022639779303437482,1,0,paired seed-batch 95% CI for pSA-minus-additive is entirely above zero
N96_M48,new_05,pooled_across_EbNo,,FER,0.19399999999999998,0.18282689873716357,0.2051731012628364,1,0,paired seed-batch 95% CI for pSA-minus-additive is entirely above zero
N96_M48,new_06,per_EbNo,2.0,BER,0.03488541666666666,0.029701371958142347,0.040069461375190976,1,0,paired seed-batch 95% CI for pSA-minus-additive is entirely above zero
N96_M48,new_06,per_EbNo,2.0,FER,0.344,0.29173595503866084,0.3962640449613391,1,0,paired seed-batch 95% CI for pSA-minus-additive is entirely above zero
N96_M48,new_06,per_EbNo,2.5,BER,0.018489583333333334,0.014425538149746233,0.022553628516920436,1,0,paired seed-batch 95% CI for pSA-minus-additive is entirely above zero
N96_M48,new_06,per_EbNo,2.5,FER,0.179,0.15130460941935386,0.20669539058064612,1,0,paired seed-batch 95% CI for pSA-minus-additive is entirely above zero
N96_M48,new_06,per_EbNo,3.0,BER,0.008541666666666664,0.005402532071394446,0.011680801261938883,1,0,paired seed-batch 95% CI for pSA-minus-additive is entirely above zero
N96_M48,new_06,per_EbNo,3.0,FER,0.082,0.057036424062514364,0.10696357593748565,1,0,paired seed-batch 95% CI for pSA-minus-additive is entirely above zero
N96_M48,new_06,pooled_across_EbNo,,BER,0.02063888888888889,0.018500341768198494,0.022777436009579287,1,0,paired seed-batch 95% CI for pSA-minus-additive is entirely above zero
N96_M48,new_06,pooled_across_EbNo,,FER,0.20166666666666666,0.18036107246516228,0.22297226086817104,1,0,paired seed-batch 95% CI for pSA-minus-additive is entirely above zero
N96_M48,new_07,per_EbNo,2.0,BER,0.032697916666666674,0.029459250064203815,0.03593658326912953,1,0,paired seed-batch 95% CI for pSA-minus-additive is entirely above zero
N96_M48,new_07,per_EbNo,2.0,FER,0.319,0.2945775480667316,0.3434224519332684,1,0,paired seed-batch 95% CI for pSA-minus-additive is entirely above zero
N96_M48,new_07,per_EbNo,2.5,BER,0.019125000000000003,0.01644512684355226,0.021804873156447746,1,0,paired seed-batch 95% CI for pSA-minus-additive is entirely above zero
N96_M48,new_07,per_EbNo,2.5,FER,0.19199999999999998,0.16772935057749244,0.2162706494225075,1,0,paired seed-batch 95% CI for pSA-minus-additive is entirely above zero
N96_M48,new_07,per_EbNo,3.0,BER,0.0066770833333333335,0.0042258466934197705,0.009128319973246896,1,0,paired seed-batch 95% CI for pSA-minus-additive is entirely above zero
N96_M48,new_07,per_EbNo,3.0,FER,0.063,0.041658852007887735,0.08434114799211226,1,0,paired seed-batch 95% CI for pSA-minus-additive is entirely above zero
N96_M48,new_07,pooled_across_EbNo,,BER,0.0195,0.018300389997813152,0.020699610002186848,1,0,paired seed-batch 95% CI for pSA-minus-additive is entirely above zero
N96_M48,new_07,pooled_across_EbNo,,FER,0.19133333333333333,0.18008134888337962,0.20258531778328703,1,0,paired seed-batch 95% CI for pSA-minus-additive is entirely above zero
N96_M48,new_08,per_EbNo,2.0,BER,0.03469791666666667,0.030320586166702544,0.03907524716663079,1,0,paired seed-batch 95% CI for pSA-minus-additive is entirely above zero
N96_M48,new_08,per_EbNo,2.0,FER,0.32899999999999996,0.29198992889923947,0.36601007110076045,1,0,paired seed-batch 95% CI for pSA-minus-additive is entirely above zero
N96_M48,new_08,per_EbNo,2.5,BER,0.021135416666666667,0.018058724728029572,0.02421210860530376,1,0,paired seed-batch 95% CI for pSA-minus-additive is entirely above zero
N96_M48,new_08,per_EbNo,2.5,FER,0.20200000000000004,0.1772652426023387,0.22673475739766139,1,0,paired seed-batch 95% CI for pSA-minus-additive is entirely above zero
N96_M48,new_08,per_EbNo,3.0,BER,0.010385416666666664,0.007291607088769995,0.013479226244563334,1,0,paired seed-batch 95% CI for pSA-minus-additive is entirely above zero
N96_M48,new_08,per_EbNo,3.0,FER,0.087,0.06362437598384098,0.11037562401615901,1,0,paired seed-batch 95% CI for pSA-minus-additive is entirely above zero
N96_M48,new_08,pooled_across_EbNo,,BER,0.02207291666666667,0.019670520076423868,0.024475313256909475,1,0,paired seed-batch 95% CI for pSA-minus-additive is entirely above zero
N96_M48,new_08,pooled_across_EbNo,,FER,0.20599999999999996,0.18760496794866346,0.22439503205133646,1,0,paired seed-batch 95% CI for pSA-minus-additive is entirely above zero
N96_M48,new_09,per_EbNo,2.0,BER,0.035104166666666665,0.02816662786193251,0.04204170547140082,1,0,paired seed-batch 95% CI for pSA-minus-additive is entirely above zero
N96_M48,new_09,per_EbNo,2.0,FER,0.328,0.2814193330609394,0.3745806669390606,1,0,paired seed-batch 95% CI for pSA-minus-additive is entirely above zero
N96_M48,new_09,per_EbNo,2.5,BER,0.017854166666666667,0.014000839789301597,0.021707493544031738,1,0,paired seed-batch 95% CI for pSA-minus-additive is entirely above zero
N96_M48,new_09,per_EbNo,2.5,FER,0.16699999999999998,0.13645389713285666,0.1975461028671433,1,0,paired seed-batch 95% CI for pSA-minus-additive is entirely above zero
N96_M48,new_09,per_EbNo,3.0,BER,0.009666666666666667,0.007654633375190718,0.011678699958142616,1,0,paired seed-batch 95% CI for pSA-minus-additive is entirely above zero
N96_M48,new_09,per_EbNo,3.0,FER,0.092,0.06993832910223656,0.11406167089776344,1,0,paired seed-batch 95% CI for pSA-minus-additive is entirely above zero
N96_M48,new_09,pooled_across_EbNo,,BER,0.020874999999999998,0.018173648809077667,0.02357635119092233,1,0,paired seed-batch 95% CI for pSA-minus-additive is entirely above zero
N96_M48,new_09,pooled_across_EbNo,,FER,0.19566666666666668,0.17722875369544505,0.21410457963788831,1,0,paired seed-batch 95% CI for pSA-minus-additive is entirely above zero
