stage,size,variant,implementation_mode,kappa,EbNo_dB,BER,FER,syndrome_violation_rate,avg_syndrome_weight,BP_BER,BP_FER,n_trials,n_bits_total
sweep,N96_M48,binary_state,binary_state_self_feedback,0.0,2.0,0.059328125,0.55,0.4325,6.9625,0.025252083333333335,0.26,2000,192000
sweep,N96_M48,binary_state,binary_state_self_feedback,0.0,2.5,0.032864583333333336,0.3675,0.2385,3.649,0.01286875,0.148,2000,192000
sweep,N96_M48,binary_state,binary_state_self_feedback,0.0,3.0,0.01525,0.2145,0.0945,1.33,0.005091666666666667,0.0716,2000,192000
sweep,N96_M48,binary_state,binary_state_self_feedback,0.25,2.0,0.05138020833333334,0.4505,0.273,4.1735,0.025252083333333335,0.26,2000,192000
sweep,N96_M48,binary_state,binary_state_self_feedback,0.25,2.5,0.029723958333333335,0.3035,0.125,1.8485,0.01286875,0.148,2000,192000
sweep,N96_M48,binary_state,binary_state_self_feedback,0.25,3.0,0.014380208333333333,0.1905,0.041,0.5345,0.005091666666666667,0.0716,2000,192000
sweep,N96_M48,binary_state,binary_state_self_feedback,0.5,2.0,0.49804166666666666,1.0,0.0,0.0,0.025252083333333335,0.26,2000,192000
sweep,N96_M48,binary_state,binary_state_self_feedback,0.5,2.5,0.5008541666666667,1.0,0.0,0.0,0.01286875,0.148,2000,192000
sweep,N96_M48,binary_state,binary_state_self_feedback,0.5,3.0,0.499625,1.0,0.0,0.0,0.005091666666666667,0.0716,2000,192000
sweep,N96_M48,binary_state,binary_state_self_feedback,0.75,2.0,0.49804166666666666,1.0,0.0,0.0,0.025252083333333335,0.26,2000,192000
sweep,N96_M48,binary_state,binary_state_self_feedback,0.75,2.5,0.5008541666666667,1.0,0.0,0.0,0.01286875,0.148,2000,192000
sweep,N96_M48,binary_state,binary_state_self_feedback,0.75,3.0,0.499625,1.0,0.0,0.0,0.005091666666666667,0.0716,2000,192000
sweep,N96_M48,binary_state,binary_state_self_feedback,0.9,2.0,0.49804166666666666,1.0,0.0,0.0,0.025252083333333335,0.26,2000,192000
sweep,N96_M48,binary_state,binary_state_self_feedback,0.9,2.5,0.5008541666666667,1.0,0.0,0.0,0.01286875,0.148,2000,192000
sweep,N96_M48,binary_state,binary_state_self_feedback,0.9,3.0,0.499625,1.0,0.0,0.0,0.005091666666666667,0.0716,2000,192000
sweep,N96_M48,binary_state,binary_state_self_feedback,0.95,2.0,0.49804166666666666,1.0,0.0,0.0,0.025252083333333335,0.26,2000,192000
sweep,N96_M48,binary_state,binary_state_self_feedback,0.95,2.5,0.5008541666666667,1.0,0.0,0.0,0.01286875,0.148,2000,192000
sweep,N96_M48,binary_state,binary_state_self_feedback,0.95,3.0,0.499625,1.0,0.0,0.0,0.005091666666666667,0.0716,2000,192000
sweep,N96_M48,binary_state,binary_state_self_feedback,1.0,2.0,0.49804166666666666,1.0,0.0,0.0,0.025252083333333335,0.26,2000,192000
sweep,N96_M48,binary_state,binary_state_self_feedback,1.0,2.5,0.5008541666666667,1.0,0.0,0.0,0.01286875,0.148,2000,192000
sweep,N96_M48,binary_state,binary_state_self_feedback,1.0,3.0,0.499625,1.0,0.0,0.0,0.005091666666666667,0.0716,2000,192000
sweep,N96_M48,binary_state,binary_state_self_feedback,1.1,2.0,0.49804166666666666,1.0,0.0,0.0,0.025252083333333335,0.26,2000,192000
sweep,N96_M48,binary_state,binary_state_self_feedback,1.1,2.5,0.5008541666666667,1.0,0.0,0.0,0.01286875,0.148,2000,192000
sweep,N96_M48,binary_state,binary_state_self_feedback,1.1,3.0,0.499625,1.0,0.0,0.0,0.005091666666666667,0.0716,2000,192000
sweep,N96_M48,binary_state,binary_state_self_feedback,1.25,2.0,0.49804166666666666,1.0,0.0,0.0,0.025252083333333335,0.26,2000,192000
sweep,N96_M48,binary_state,binary_state_self_feedback,1.25,2.5,0.5008541666666667,1.0,0.0,0.0,0.01286875,0.148,2000,192000
sweep,N96_M48,binary_state,binary_state_self_feedback,1.25,3.0,0.499625,1.0,0.0,0.0,0.005091666666666667,0.0716,2000,192000
sweep,N192_M96,binary_state,binary_state_self_feedback,0.0,2.0,0.302734375,1.0,1.0,21.452,0.014819791666666667,0.1716,2000,384000
sweep,N192_M96,binary_state,binary_state_self_feedback,0.0,2.5,0.28189322916666665,0.9995,0.9995,20.6065,0.004305208333333334,0.0544,2000,384000
sweep,N192_M96,binary_state,binary_state_self_feedback,0.0,3.0,0.2579895833333333,0.9995,0.9995,19.633,0.0010979166666666667,0.0158,2000,384000
sweep,N192_M96,binary_state,binary_state_self_feedback,0.25,2.0,0.256265625,0.999,0.993,13.52,0.014819791666666667,0.1716,2000,384000
sweep,N192_M96,binary_state,binary_state_self_feedback,0.25,2.5,0.21952864583333334,0.9835,0.979,11.7015,0.004305208333333334,0.0544,2000,384000
sweep,N192_M96,binary_state,binary_state_self_feedback,0.25,3.0,0.15575,0.856,0.851,8.54,0.0010979166666666667,0.0158,2000,384000
sweep,N192_M96,binary_state,binary_state_self_feedback,0.5,2.0,0.49947916666666664,1.0,0.0,0.0,0.014819791666666667,0.1716,2000,384000
sweep,N192_M96,binary_state,binary_state_self_feedback,0.5,2.5,0.5003541666666667,1.0,0.0,0.0,0.004305208333333334,0.0544,2000,384000
sweep,N192_M96,binary_state,binary_state_self_feedback,0.5,3.0,0.499609375,1.0,0.0,0.0,0.0010979166666666667,0.0158,2000,384000
sweep,N192_M96,binary_state,binary_state_self_feedback,0.75,2.0,0.49947916666666664,1.0,0.0,0.0,0.014819791666666667,0.1716,2000,384000
sweep,N192_M96,binary_state,binary_state_self_feedback,0.75,2.5,0.5003541666666667,1.0,0.0,0.0,0.004305208333333334,0.0544,2000,384000
sweep,N192_M96,binary_state,binary_state_self_feedback,0.75,3.0,0.499609375,1.0,0.0,0.0,0.0010979166666666667,0.0158,2000,384000
sweep,N192_M96,binary_state,binary_state_self_feedback,0.9,2.0,0.49947916666666664,1.0,0.0,0.0,0.014819791666666667,0.1716,2000,384000
sweep,N192_M96,binary_state,binary_state_self_feedback,0.9,2.5,0.5003541666666667,1.0,0.0,0.0,0.004305208333333334,0.0544,2000,384000
sweep,N192_M96,binary_state,binary_state_self_feedback,0.9,3.0,0.499609375,1.0,0.0,0.0,0.0010979166666666667,0.0158,2000,384000
sweep,N192_M96,binary_state,binary_state_self_feedback,0.95,2.0,0.49947916666666664,1.0,0.0,0.0,0.014819791666666667,0.1716,2000,384000
sweep,N192_M96,binary_state,binary_state_self_feedback,0.95,2.5,0.5003541666666667,1.0,0.0,0.0,0.004305208333333334,0.0544,2000,384000
sweep,N192_M96,binary_state,binary_state_self_feedback,0.95,3.0,0.499609375,1.0,0.0,0.0,0.0010979166666666667,0.0158,2000,384000
sweep,N192_M96,binary_state,binary_state_self_feedback,1.0,2.0,0.49947916666666664,1.0,0.0,0.0,0.014819791666666667,0.1716,2000,384000
sweep,N192_M96,binary_state,binary_state_self_feedback,1.0,2.5,0.5003541666666667,1.0,0.0,0.0,0.004305208333333334,0.0544,2000,384000
sweep,N192_M96,binary_state,binary_state_self_feedback,1.0,3.0,0.499609375,1.0,0.0,0.0,0.0010979166666666667,0.0158,2000,384000
sweep,N192_M96,binary_state,binary_state_self_feedback,1.1,2.0,0.49947916666666664,1.0,0.0,0.0,0.014819791666666667,0.1716,2000,384000
sweep,N192_M96,binary_state,binary_state_self_feedback,1.1,2.5,0.5003541666666667,1.0,0.0,0.0,0.004305208333333334,0.0544,2000,384000
sweep,N192_M96,binary_state,binary_state_self_feedback,1.1,3.0,0.499609375,1.0,0.0,0.0,0.0010979166666666667,0.0158,2000,384000
sweep,N192_M96,binary_state,binary_state_self_feedback,1.25,2.0,0.49947916666666664,1.0,0.0,0.0,0.014819791666666667,0.1716,2000,384000
sweep,N192_M96,binary_state,binary_state_self_feedback,1.25,2.5,0.5003541666666667,1.0,0.0,0.0,0.004305208333333334,0.0544,2000,384000
sweep,N192_M96,binary_state,binary_state_self_feedback,1.25,3.0,0.499609375,1.0,0.0,0.0,0.0010979166666666667,0.0158,2000,384000
sweep,N288_M144,binary_state,binary_state_self_feedback,0.0,2.0,0.327515625,1.0,1.0,47.5885,0.010990972222222221,0.1402,2000,576000
sweep,N288_M144,binary_state,binary_state_self_feedback,0.0,2.5,0.32297743055555556,1.0,1.0,47.3305,0.0025611111111111112,0.035,2000,576000
sweep,N288_M144,binary_state,binary_state_self_feedback,0.0,3.0,0.31659895833333335,1.0,1.0,47.1185,0.0005909722222222222,0.0102,2000,576000
sweep,N288_M144,binary_state,binary_state_self_feedback,0.25,2.0,0.28185069444444444,1.0,1.0,35.775,0.010990972222222221,0.1402,2000,576000
sweep,N288_M144,binary_state,binary_state_self_feedback,0.25,2.5,0.2726857638888889,0.9995,0.9995,35.3365,0.0025611111111111112,0.035,2000,576000
sweep,N288_M144,binary_state,binary_state_self_feedback,0.25,3.0,0.26309375,0.9955,0.9955,34.949,0.0005909722222222222,0.0102,2000,576000
sweep,N288_M144,binary_state,binary_state_self_feedback,0.5,2.0,0.15164409722222222,0.7735,0.7735,10.9095,0.010990972222222221,0.1402,2000,576000
sweep,N288_M144,binary_state,binary_state_self_feedback,0.5,2.5,0.09426388888888888,0.5155,0.515,7.118,0.0025611111111111112,0.035,2000,576000
sweep,N288_M144,binary_state,binary_state_self_feedback,0.5,3.0,0.043034722222222224,0.2435,0.2425,3.325,0.0005909722222222222,0.0102,2000,576000
sweep,N288_M144,binary_state,binary_state_self_feedback,0.75,2.0,0.045189236111111114,0.309,0.305,1.8095,0.010990972222222221,0.1402,2000,576000
sweep,N288_M144,binary_state,binary_state_self_feedback,0.75,2.5,0.01164236111111111,0.085,0.0825,0.492,0.0025611111111111112,0.035,2000,576000
sweep,N288_M144,binary_state,binary_state_self_feedback,0.75,3.0,0.0012482638888888888,0.009,0.0085,0.0415,0.0005909722222222222,0.0102,2000,576000
sweep,N288_M144,binary_state,binary_state_self_feedback,0.9,2.0,0.3565052083333333,0.791,0.0965,0.3785,0.010990972222222221,0.1402,2000,576000
sweep,N288_M144,binary_state,binary_state_self_feedback,0.9,2.5,0.3449513888888889,0.715,0.0305,0.119,0.0025611111111111112,0.035,2000,576000
sweep,N288_M144,binary_state,binary_state_self_feedback,0.9,3.0,0.3407135416666667,0.686,0.004,0.0125,0.0005909722222222222,0.0102,2000,576000
sweep,N288_M144,binary_state,binary_state_self_feedback,0.95,2.0,0.5005659722222222,1.0,0.0,0.0,0.010990972222222221,0.1402,2000,576000
sweep,N288_M144,binary_state,binary_state_self_feedback,0.95,2.5,0.4998958333333333,1.0,0.0,0.0,0.0025611111111111112,0.035,2000,576000
sweep,N288_M144,binary_state,binary_state_self_feedback,0.95,3.0,0.49994444444444447,1.0,0.0,0.0,0.0005909722222222222,0.0102,2000,576000
sweep,N288_M144,binary_state,binary_state_self_feedback,1.0,2.0,0.5005659722222222,1.0,0.0,0.0,0.010990972222222221,0.1402,2000,576000
sweep,N288_M144,binary_state,binary_state_self_feedback,1.0,2.5,0.4998958333333333,1.0,0.0,0.0,0.0025611111111111112,0.035,2000,576000
sweep,N288_M144,binary_state,binary_state_self_feedback,1.0,3.0,0.49994444444444447,1.0,0.0,0.0,0.0005909722222222222,0.0102,2000,576000
sweep,N288_M144,binary_state,binary_state_self_feedback,1.1,2.0,0.5005659722222222,1.0,0.0,0.0,0.010990972222222221,0.1402,2000,576000
sweep,N288_M144,binary_state,binary_state_self_feedback,1.1,2.5,0.4998958333333333,1.0,0.0,0.0,0.0025611111111111112,0.035,2000,576000
sweep,N288_M144,binary_state,binary_state_self_feedback,1.1,3.0,0.49994444444444447,1.0,0.0,0.0,0.0005909722222222222,0.0102,2000,576000
sweep,N288_M144,binary_state,binary_state_self_feedback,1.25,2.0,0.5005659722222222,1.0,0.0,0.0,0.010990972222222221,0.1402,2000,576000
sweep,N288_M144,binary_state,binary_state_self_feedback,1.25,2.5,0.4998958333333333,1.0,0.0,0.0,0.0025611111111111112,0.035,2000,576000
sweep,N288_M144,binary_state,binary_state_self_feedback,1.25,3.0,0.49994444444444447,1.0,0.0,0.0,0.0005909722222222222,0.0102,2000,576000
