size,anchor,variant,implementation_mode,lambda_mem,boundary_extension,formula,score,ber_score,fer_score,syndrome_penalty,mean_BER,mean_FER,mean_syndrome_violation,evaluation_trials_per_ebno,evaluation_seeds,elapsed_seconds,source_parameter_file,kw,kr,alpha,alpha_mode,nrnd,psa_p,response_lambda,lambda_out,I0_min,I0_max,I0_schedule_type,I0_schedule_shape,I0_hold_fraction,decision_method,burn_in,sample_window,n_cycles
N96_M48,lambda,pSA,pSA,0.0,False,q_t + xi_t,0.6255649680104872,0.41818835176016084,0.3989664145849651,0.2551666666666667,0.03581423611111111,0.3773333333333333,0.2551666666666667,2000,20260826;20268848;20276870;20284892;20292914;20300936;20308958;20316980,49.37556800013408,source_project/paper_results/ldpc/N96_M48/lambda_pSA/memory_sweep_summary.csv,4.615431610296137,4.956628075392035,0.5380278001391959,llr,0.0,0.7313667301085667,0.0,0.0,0.06227420018347679,1.2068953100209217,piecewise,0.6168041411219677,0.17104402970690782,majority,3204,11294,25600
N96_M48,lambda,additive,lambda_pSA,0.0,False,q_t + lambda*q_(t-1) + xi_t,0.6255649680104872,0.41818835176016084,0.3989664145849651,0.2551666666666667,0.03581423611111111,0.3773333333333333,0.2551666666666667,2000,20260826;20268848;20276870;20284892;20292914;20300936;20308958;20316980,54.18463020771742,source_project/paper_results/ldpc/N96_M48/lambda_pSA/memory_sweep_summary.csv,4.615431610296137,4.956628075392035,0.5380278001391959,llr,0.0,0.7313667301085667,0.0,0.0,0.06227420018347679,1.2068953100209217,piecewise,0.6168041411219677,0.17104402970690782,majority,3204,11294,25600
N96_M48,lambda,additive,lambda_pSA,0.5,False,q_t + lambda*q_(t-1) + xi_t,0.24837824712132786,0.16785003778651686,0.18430771334072174,0.08733333333333333,0.02059895833333333,0.229,0.08733333333333333,2000,20260826;20268848;20276870;20284892;20292914;20300936;20308958;20316980,54.81135283363983,source_project/paper_results/ldpc/N96_M48/lambda_pSA/memory_sweep_summary.csv,4.615431610296137,4.956628075392035,0.5380278001391959,llr,0.0,0.7313667301085667,0.0,0.0,0.06227420018347679,1.2068953100209217,piecewise,0.6168041411219677,0.17104402970690782,majority,3204,11294,25600
N96_M48,lambda,additive,lambda_pSA,0.8,False,q_t + lambda*q_(t-1) + xi_t,0.14356993048046146,0.08020706193002643,0.1455643427521752,0.06849999999999999,0.01678125,0.205,0.06849999999999999,2000,20260826;20268848;20276870;20284892;20292914;20300936;20308958;20316980,54.972220375202596,source_project/paper_results/ldpc/N96_M48/lambda_pSA/memory_sweep_summary.csv,4.615431610296137,4.956628075392035,0.5380278001391959,llr,0.0,0.7313667301085667,0.0,0.0,0.06227420018347679,1.2068953100209217,piecewise,0.6168041411219677,0.17104402970690782,majority,3204,11294,25600
N96_M48,lambda,additive,lambda_pSA,0.9,False,q_t + lambda*q_(t-1) + xi_t,0.11228086322642969,0.055047714055763995,0.11491574585332853,0.06849999999999999,0.015918402777777778,0.19316666666666668,0.06849999999999999,2000,20260826;20268848;20276870;20284892;20292914;20300936;20308958;20316980,55.06958970800042,source_project/paper_results/ldpc/N96_M48/lambda_pSA/memory_sweep_summary.csv,4.615431610296137,4.956628075392035,0.5380278001391959,llr,0.0,0.7313667301085667,0.0,0.0,0.06227420018347679,1.2068953100209217,piecewise,0.6168041411219677,0.17104402970690782,majority,3204,11294,25600
N96_M48,lambda,additive,lambda_pSA,0.95,False,q_t + lambda*q_(t-1) + xi_t,0.11470473703055345,0.058253779294443454,0.11225478868054994,0.06799999999999999,0.015756944444444445,0.19033333333333333,0.06799999999999999,2000,20260826;20268848;20276870;20284892;20292914;20300936;20308958;20316980,55.613377708010375,source_project/paper_results/ldpc/N96_M48/lambda_pSA/memory_sweep_summary.csv,4.615431610296137,4.956628075392035,0.5380278001391959,llr,0.0,0.7313667301085667,0.0,0.0,0.06227420018347679,1.2068953100209217,piecewise,0.6168041411219677,0.17104402970690782,majority,3204,11294,25600
N96_M48,lambda,additive,lambda_pSA_extended,1.0,True,q_t + lambda*q_(t-1) + xi_t,0.1223963935587427,0.0611197474913913,0.1392998970034237,0.06683333333333333,0.01576736111111111,0.2005,0.06683333333333333,2000,20260826;20268848;20276870;20284892;20292914;20300936;20308958;20316980,57.040580958127975,source_project/paper_results/ldpc/N96_M48/lambda_pSA/memory_sweep_summary.csv,4.615431610296137,4.956628075392035,0.5380278001391959,llr,0.0,0.7313667301085667,0.0,0.0,0.06227420018347679,1.2068953100209217,piecewise,0.6168041411219677,0.17104402970690782,majority,3204,11294,25600
N96_M48,lambda,additive,lambda_pSA_extended,1.1,True,q_t + lambda*q_(t-1) + xi_t,0.1184922284493528,0.05650591972285102,0.13284821029917557,0.07083333333333333,0.015758680555555554,0.1975,0.07083333333333333,2000,20260826;20268848;20276870;20284892;20292914;20300936;20308958;20316980,56.94278262509033,source_project/paper_results/ldpc/N96_M48/lambda_pSA/memory_sweep_summary.csv,4.615431610296137,4.956628075392035,0.5380278001391959,llr,0.0,0.7313667301085667,0.0,0.0,0.06227420018347679,1.2068953100209217,piecewise,0.6168041411219677,0.17104402970690782,majority,3204,11294,25600
N96_M48,lambda,additive,lambda_pSA_extended,1.25,True,q_t + lambda*q_(t-1) + xi_t,0.12486226995478006,0.06054175315236673,0.13785258401206668,0.0735,0.015743055555555555,0.19883333333333333,0.0735,2000,20260826;20268848;20276870;20284892;20292914;20300936;20308958;20316980,56.20509412512183,source_project/paper_results/ldpc/N96_M48/lambda_pSA/memory_sweep_summary.csv,4.615431610296137,4.956628075392035,0.5380278001391959,llr,0.0,0.7313667301085667,0.0,0.0,0.06227420018347679,1.2068953100209217,piecewise,0.6168041411219677,0.17104402970690782,majority,3204,11294,25600
N96_M48,lambda,additive,lambda_pSA_extended,1.4,True,q_t + lambda*q_(t-1) + xi_t,0.1352762203066467,0.06934714976931337,0.1300620193533333,0.07983333333333333,0.016133680555555554,0.19833333333333333,0.07983333333333333,2000,20260826;20268848;20276870;20284892;20292914;20300936;20308958;20316980,56.7342015421018,source_project/paper_results/ldpc/N96_M48/lambda_pSA/memory_sweep_summary.csv,4.615431610296137,4.956628075392035,0.5380278001391959,llr,0.0,0.7313667301085667,0.0,0.0,0.06227420018347679,1.2068953100209217,piecewise,0.6168041411219677,0.17104402970690782,majority,3204,11294,25600
N96_M48,lambda,normalized,lambda_pSA_normalized,0.0,False,(q_t + lambda*q_(t-1))/(1+lambda) + xi_t,0.6255649680104872,0.41818835176016084,0.3989664145849651,0.2551666666666667,0.03581423611111111,0.3773333333333333,0.2551666666666667,2000,20260826;20268848;20276870;20284892;20292914;20300936;20308958;20316980,56.33988262526691,source_project/paper_results/ldpc/N96_M48/lambda_pSA/memory_sweep_summary.csv,4.615431610296137,4.956628075392035,0.5380278001391959,llr,0.0,0.7313667301085667,0.0,0.0,0.06227420018347679,1.2068953100209217,piecewise,0.6168041411219677,0.17104402970690782,majority,3204,11294,25600
N96_M48,lambda,normalized,lambda_pSA_normalized,0.5,False,(q_t + lambda*q_(t-1))/(1+lambda) + xi_t,0.9271619264144715,0.574048405802099,0.5639009363951958,0.48066666666666663,0.04923611111111111,0.5441666666666666,0.48066666666666663,2000,20260826;20268848;20276870;20284892;20292914;20300936;20308958;20316980,57.19641191698611,source_project/paper_results/ldpc/N96_M48/lambda_pSA/memory_sweep_summary.csv,4.615431610296137,4.956628075392035,0.5380278001391959,llr,0.0,0.7313667301085667,0.0,0.0,0.06227420018347679,1.2068953100209217,piecewise,0.6168041411219677,0.17104402970690782,majority,3204,11294,25600
N96_M48,lambda,normalized,lambda_pSA_normalized,0.8,False,(q_t + lambda*q_(t-1))/(1+lambda) + xi_t,1.0826320295817924,0.6563724259691165,0.6425480180633795,0.5955,0.058010416666666655,0.6428333333333334,0.5955,2000,20260826;20268848;20276870;20284892;20292914;20300936;20308958;20316980,56.967435707803816,source_project/paper_results/ldpc/N96_M48/lambda_pSA/memory_sweep_summary.csv,4.615431610296137,4.956628075392035,0.5380278001391959,llr,0.0,0.7313667301085667,0.0,0.0,0.06227420018347679,1.2068953100209217,piecewise,0.6168041411219677,0.17104402970690782,majority,3204,11294,25600
N96_M48,lambda,normalized,lambda_pSA_normalized,0.9,False,(q_t + lambda*q_(t-1))/(1+lambda) + xi_t,1.1111286231186106,0.670921017987231,0.6531213589902315,0.6191666666666668,0.059734375,0.6571666666666666,0.6191666666666668,2000,20260826;20268848;20276870;20284892;20292914;20300936;20308958;20316980,59.515312999952585,source_project/paper_results/ldpc/N96_M48/lambda_pSA/memory_sweep_summary.csv,4.615431610296137,4.956628075392035,0.5380278001391959,llr,0.0,0.7313667301085667,0.0,0.0,0.06227420018347679,1.2068953100209217,piecewise,0.6168041411219677,0.17104402970690782,majority,3204,11294,25600
N96_M48,lambda,normalized,lambda_pSA_normalized,0.95,False,(q_t + lambda*q_(t-1))/(1+lambda) + xi_t,1.1260583083511682,0.679837263592332,0.6627718904608474,0.6273333333333333,0.06067361111111111,0.6684999999999999,0.6273333333333333,2000,20260826;20268848;20276870;20284892;20292914;20300936;20308958;20316980,59.25712295761332,source_project/paper_results/ldpc/N96_M48/lambda_pSA/memory_sweep_summary.csv,4.615431610296137,4.956628075392035,0.5380278001391959,llr,0.0,0.7313667301085667,0.0,0.0,0.06227420018347679,1.2068953100209217,piecewise,0.6168041411219677,0.17104402970690782,majority,3204,11294,25600
N96_M48,lambda,normalized,lambda_pSA_normalized,1.0,False,(q_t + lambda*q_(t-1))/(1+lambda) + xi_t,1.1425513311187587,0.6874239436192373,0.6677202708309405,0.6431666666666668,0.06162326388888889,0.6781666666666667,0.6431666666666668,2000,20260826;20268848;20276870;20284892;20292914;20300936;20308958;20316980,59.51426395913586,source_project/paper_results/ldpc/N96_M48/lambda_pSA/memory_sweep_summary.csv,4.615431610296137,4.956628075392035,0.5380278001391959,llr,0.0,0.7313667301085667,0.0,0.0,0.06227420018347679,1.2068953100209217,piecewise,0.6168041411219677,0.17104402970690782,majority,3204,11294,25600
N96_M48,lambda,normalized,lambda_pSA_normalized,1.1,False,(q_t + lambda*q_(t-1))/(1+lambda) + xi_t,1.1750486216085247,0.703967269695117,0.6870734262337054,0.6673333333333334,0.0636579861111111,0.7038333333333333,0.6673333333333334,2000,20260826;20268848;20276870;20284892;20292914;20300936;20308958;20316980,60.46581174992025,source_project/paper_results/ldpc/N96_M48/lambda_pSA/memory_sweep_summary.csv,4.615431610296137,4.956628075392035,0.5380278001391959,llr,0.0,0.7313667301085667,0.0,0.0,0.06227420018347679,1.2068953100209217,piecewise,0.6168041411219677,0.17104402970690782,majority,3204,11294,25600
N96_M48,lambda,normalized,lambda_pSA_normalized,1.25,False,(q_t + lambda*q_(t-1))/(1+lambda) + xi_t,1.2203829121961016,0.7264462503566205,0.7075999758640726,0.7048333333333333,0.06640277777777778,0.7345,0.7048333333333333,2000,20260826;20268848;20276870;20284892;20292914;20300936;20308958;20316980,60.10308179212734,source_project/paper_results/ldpc/N96_M48/lambda_pSA/memory_sweep_summary.csv,4.615431610296137,4.956628075392035,0.5380278001391959,llr,0.0,0.7313667301085667,0.0,0.0,0.06227420018347679,1.2068953100209217,piecewise,0.6168041411219677,0.17104402970690782,majority,3204,11294,25600
N96_M48,lambda,normalized,lambda_pSA_normalized,1.4,False,(q_t + lambda*q_(t-1))/(1+lambda) + xi_t,1.2545800418613609,0.741889897511355,0.724284055083363,0.7356666666666666,0.06850173611111111,0.7605,0.7356666666666666,2000,20260826;20268848;20276870;20284892;20292914;20300936;20308958;20316980,60.04462695773691,source_project/paper_results/ldpc/N96_M48/lambda_pSA/memory_sweep_summary.csv,4.615431610296137,4.956628075392035,0.5380278001391959,llr,0.0,0.7313667301085667,0.0,0.0,0.06227420018347679,1.2068953100209217,piecewise,0.6168041411219677,0.17104402970690782,majority,3204,11294,25600
N96_M48,lambda,gain_only,gain_only_pSA,0.0,False,(1+lambda)*q_t + xi_t,0.6255649680104872,0.41818835176016084,0.3989664145849651,0.2551666666666667,0.03581423611111111,0.3773333333333333,0.2551666666666667,2000,20260826;20268848;20276870;20284892;20292914;20300936;20308958;20316980,58.450936124660075,source_project/paper_results/ldpc/N96_M48/lambda_pSA/memory_sweep_summary.csv,4.615431610296137,4.956628075392035,0.5380278001391959,llr,0.0,0.7313667301085667,0.0,0.0,0.06227420018347679,1.2068953100209217,piecewise,0.6168041411219677,0.17104402970690782,majority,3204,11294,25600
N96_M48,lambda,gain_only,gain_only_pSA,0.5,False,(1+lambda)*q_t + xi_t,0.5884463151794519,0.39560955564547884,0.3821004643365322,0.2328333333333333,0.03398611111111111,0.3635,0.2328333333333333,2000,20260826;20268848;20276870;20284892;20292914;20300936;20308958;20316980,58.65732300002128,source_project/paper_results/ldpc/N96_M48/lambda_pSA/memory_sweep_summary.csv,4.615431610296137,4.956628075392035,0.5380278001391959,llr,0.0,0.7313667301085667,0.0,0.0,0.06227420018347679,1.2068953100209217,piecewise,0.6168041411219677,0.17104402970690782,majority,3204,11294,25600
N96_M48,lambda,gain_only,gain_only_pSA,0.8,False,(1+lambda)*q_t + xi_t,0.5531146132897246,0.37155382557578615,0.35613727190302535,0.2206666666666667,0.03202777777777778,0.34349999999999997,0.2206666666666667,2000,20260826;20268848;20276870;20284892;20292914;20300936;20308958;20316980,58.439974249806255,source_project/paper_results/ldpc/N96_M48/lambda_pSA/memory_sweep_summary.csv,4.615431610296137,4.956628075392035,0.5380278001391959,llr,0.0,0.7313667301085667,0.0,0.0,0.06227420018347679,1.2068953100209217,piecewise,0.6168041411219677,0.17104402970690782,majority,3204,11294,25600
N96_M48,lambda,gain_only,gain_only_pSA,0.9,False,(1+lambda)*q_t + xi_t,0.5561389693557112,0.37434239535853847,0.36398286998586354,0.218,0.032151041666666665,0.3481666666666667,0.218,2000,20260826;20268848;20276870;20284892;20292914;20300936;20308958;20316980,59.59567566681653,source_project/paper_results/ldpc/N96_M48/lambda_pSA/memory_sweep_summary.csv,4.615431610296137,4.956628075392035,0.5380278001391959,llr,0.0,0.7313667301085667,0.0,0.0,0.06227420018347679,1.2068953100209217,piecewise,0.6168041411219677,0.17104402970690782,majority,3204,11294,25600
N96_M48,lambda,gain_only,gain_only_pSA,0.95,False,(1+lambda)*q_t + xi_t,0.5581876434467661,0.37712720559883967,0.36196885590629874,0.2173333333333333,0.03196875,0.3423333333333333,0.2173333333333333,2000,20260826;20268848;20276870;20284892;20292914;20300936;20308958;20316980,59.45213608397171,source_project/paper_results/ldpc/N96_M48/lambda_pSA/memory_sweep_summary.csv,4.615431610296137,4.956628075392035,0.5380278001391959,llr,0.0,0.7313667301085667,0.0,0.0,0.06227420018347679,1.2068953100209217,piecewise,0.6168041411219677,0.17104402970690782,majority,3204,11294,25600
N96_M48,lambda,gain_only,gain_only_pSA,1.0,False,(1+lambda)*q_t + xi_t,1.7962993236175728,1.6256425293297727,0.8532839714390006,0.0,0.49950694444444443,1.0,0.0,2000,20260826;20268848;20276870;20284892;20292914;20300936;20308958;20316980,59.61951095890254,source_project/paper_results/ldpc/N96_M48/lambda_pSA/memory_sweep_summary.csv,4.615431610296137,4.956628075392035,0.5380278001391959,llr,0.0,0.7313667301085667,0.0,0.0,0.06227420018347679,1.2068953100209217,piecewise,0.6168041411219677,0.17104402970690782,majority,3204,11294,25600
N96_M48,lambda,gain_only,gain_only_pSA,1.1,False,(1+lambda)*q_t + xi_t,1.7962993236175728,1.6256425293297727,0.8532839714390006,0.0,0.49950694444444443,1.0,0.0,2000,20260826;20268848;20276870;20284892;20292914;20300936;20308958;20316980,59.41641312465072,source_project/paper_results/ldpc/N96_M48/lambda_pSA/memory_sweep_summary.csv,4.615431610296137,4.956628075392035,0.5380278001391959,llr,0.0,0.7313667301085667,0.0,0.0,0.06227420018347679,1.2068953100209217,piecewise,0.6168041411219677,0.17104402970690782,majority,3204,11294,25600
N96_M48,lambda,gain_only,gain_only_pSA,1.25,False,(1+lambda)*q_t + xi_t,1.7962993236175728,1.6256425293297727,0.8532839714390006,0.0,0.49950694444444443,1.0,0.0,2000,20260826;20268848;20276870;20284892;20292914;20300936;20308958;20316980,59.46138308290392,source_project/paper_results/ldpc/N96_M48/lambda_pSA/memory_sweep_summary.csv,4.615431610296137,4.956628075392035,0.5380278001391959,llr,0.0,0.7313667301085667,0.0,0.0,0.06227420018347679,1.2068953100209217,piecewise,0.6168041411219677,0.17104402970690782,majority,3204,11294,25600
N96_M48,lambda,gain_only,gain_only_pSA,1.4,False,(1+lambda)*q_t + xi_t,1.7962993236175728,1.6256425293297727,0.8532839714390006,0.0,0.49950694444444443,1.0,0.0,2000,20260826;20268848;20276870;20284892;20292914;20300936;20308958;20316980,59.72604220779613,source_project/paper_results/ldpc/N96_M48/lambda_pSA/memory_sweep_summary.csv,4.615431610296137,4.956628075392035,0.5380278001391959,llr,0.0,0.7313667301085667,0.0,0.0,0.06227420018347679,1.2068953100209217,piecewise,0.6168041411219677,0.17104402970690782,majority,3204,11294,25600
N192_M96,lambda,pSA,pSA,0.0,False,q_t + xi_t,2.587667123063537,1.832447634616451,1.2769307755687616,0.9996666666666667,0.28087239583333334,0.9996666666666667,0.9996666666666667,2000,20260826;20268848;20276870;20284892;20292914;20300936;20308958;20316980,121.37995470780879,source_project/paper_results_trip/ldpc/N192_M96/lambda_pSA/memory_sweep_summary.csv,3.8476037044406635,3.928670043006602,0.8016757269480528,snr,0.0,0.46612896078723015,0.0,0.0,0.07744740706187082,0.7389920491353419,cosine,0.12421434807118831,0.5645127352120207,best_state,13837,5306,19200
N192_M96,lambda,additive,lambda_pSA,0.0,False,q_t + lambda*q_(t-1) + xi_t,2.587667123063537,1.832447634616451,1.2769307755687616,0.9996666666666667,0.28087239583333334,0.9996666666666667,0.9996666666666667,2000,20260826;20268848;20276870;20284892;20292914;20300936;20308958;20316980,122.67609845800325,source_project/paper_results_trip/ldpc/N192_M96/lambda_pSA/memory_sweep_summary.csv,3.8476037044406635,3.928670043006602,0.8016757269480528,snr,0.0,0.46612896078723015,0.0,0.0,0.07744740706187082,0.7389920491353419,cosine,0.12421434807118831,0.5645127352120207,best_state,13837,5306,19200
N192_M96,lambda,additive,lambda_pSA,0.5,False,q_t + lambda*q_(t-1) + xi_t,1.5888672936672834,1.1647517048185996,0.8668279442434185,0.5015,0.08377864583333332,0.5018333333333332,0.5015,2000,20260826;20268848;20276870;20284892;20292914;20300936;20308958;20316980,118.22294008312747,source_project/paper_results_trip/ldpc/N192_M96/lambda_pSA/memory_sweep_summary.csv,3.8476037044406635,3.928670043006602,0.8016757269480528,snr,0.0,0.46612896078723015,0.0,0.0,0.07744740706187082,0.7389920491353419,cosine,0.12421434807118831,0.5645127352120207,best_state,13837,5306,19200
N192_M96,lambda,additive,lambda_pSA,0.8,False,q_t + lambda*q_(t-1) + xi_t,0.24768765475634524,0.18580191865677845,0.08151201383116731,0.09116666666666667,0.01292361111111111,0.09566666666666668,0.09116666666666667,2000,20260826;20268848;20276870;20284892;20292914;20300936;20308958;20316980,116.85573591711,source_project/paper_results_trip/ldpc/N192_M96/lambda_pSA/memory_sweep_summary.csv,3.8476037044406635,3.928670043006602,0.8016757269480528,snr,0.0,0.46612896078723015,0.0,0.0,0.07744740706187082,0.7389920491353419,cosine,0.12421434807118831,0.5645127352120207,best_state,13837,5306,19200
N192_M96,lambda,additive,lambda_pSA,0.9,False,q_t + lambda*q_(t-1) + xi_t,0.13435432639553052,0.07587782609362992,0.1402991681761696,0.06083333333333333,0.008717881944444445,0.067,0.06083333333333333,2000,20260826;20268848;20276870;20284892;20292914;20300936;20308958;20316980,115.97770950011909,source_project/paper_results_trip/ldpc/N192_M96/lambda_pSA/memory_sweep_summary.csv,3.8476037044406635,3.928670043006602,0.8016757269480528,snr,0.0,0.46612896078723015,0.0,0.0,0.07744740706187082,0.7389920491353419,cosine,0.12421434807118831,0.5645127352120207,best_state,13837,5306,19200
N192_M96,lambda,additive,lambda_pSA,0.95,False,q_t + lambda*q_(t-1) + xi_t,0.09797276746406054,0.041811882669330634,0.15163775730698284,0.05166666666666667,0.007487847222222222,0.059000000000000004,0.05166666666666667,2000,20260826;20268848;20276870;20284892;20292914;20300936;20308958;20316980,117.62196058314294,source_project/paper_results_trip/ldpc/N192_M96/lambda_pSA/memory_sweep_summary.csv,3.8476037044406635,3.928670043006602,0.8016757269480528,snr,0.0,0.46612896078723015,0.0,0.0,0.07744740706187082,0.7389920491353419,cosine,0.12421434807118831,0.5645127352120207,best_state,13837,5306,19200
N192_M96,lambda,additive,lambda_pSA_extended,1.0,True,q_t + lambda*q_(t-1) + xi_t,0.1069516157133401,0.058896044477392794,0.10236118951306979,0.05516666666666667,0.008072916666666667,0.06466666666666666,0.05516666666666667,2000,20260826;20268848;20276870;20284892;20292914;20300936;20308958;20316980,115.74345695786178,source_project/paper_results_trip/ldpc/N192_M96/lambda_pSA/memory_sweep_summary.csv,3.8476037044406635,3.928670043006602,0.8016757269480528,snr,0.0,0.46612896078723015,0.0,0.0,0.07744740706187082,0.7389920491353419,cosine,0.12421434807118831,0.5645127352120207,best_state,13837,5306,19200
N192_M96,lambda,additive,lambda_pSA_extended,1.1,True,q_t + lambda*q_(t-1) + xi_t,0.13401975289346016,0.08770087542970269,0.08201105398545401,0.05983333333333334,0.008096354166666667,0.06883333333333334,0.05983333333333334,2000,20260826;20268848;20276870;20284892;20292914;20300936;20308958;20316980,115.51457424974069,source_project/paper_results_trip/ldpc/N192_M96/lambda_pSA/memory_sweep_summary.csv,3.8476037044406635,3.928670043006602,0.8016757269480528,snr,0.0,0.46612896078723015,0.0,0.0,0.07744740706187082,0.7389920491353419,cosine,0.12421434807118831,0.5645127352120207,best_state,13837,5306,19200
N192_M96,lambda,additive,lambda_pSA_extended,1.25,True,q_t + lambda*q_(t-1) + xi_t,0.1347350902076265,0.09166565192700087,0.06784719140312818,0.059000000000000004,0.007919270833333334,0.06683333333333334,0.059000000000000004,2000,20260826;20268848;20276870;20284892;20292914;20300936;20308958;20316980,117.13232433376834,source_project/paper_results_trip/ldpc/N192_M96/lambda_pSA/memory_sweep_summary.csv,3.8476037044406635,3.928670043006602,0.8016757269480528,snr,0.0,0.46612896078723015,0.0,0.0,0.07744740706187082,0.7389920491353419,cosine,0.12421434807118831,0.5645127352120207,best_state,13837,5306,19200
N192_M96,lambda,additive,lambda_pSA_extended,1.4,True,q_t + lambda*q_(t-1) + xi_t,0.14173767001875023,0.0989069578181468,0.05082022766968378,0.06533333333333334,0.008466145833333332,0.07133333333333335,0.06533333333333334,2000,20260826;20268848;20276870;20284892;20292914;20300936;20308958;20316980,116.78900924976915,source_project/paper_results_trip/ldpc/N192_M96/lambda_pSA/memory_sweep_summary.csv,3.8476037044406635,3.928670043006602,0.8016757269480528,snr,0.0,0.46612896078723015,0.0,0.0,0.07744740706187082,0.7389920491353419,cosine,0.12421434807118831,0.5645127352120207,best_state,13837,5306,19200
N192_M96,lambda,normalized,lambda_pSA_normalized,0.0,False,(q_t + lambda*q_(t-1))/(1+lambda) + xi_t,2.587667123063537,1.832447634616451,1.2769307755687616,0.9996666666666667,0.28087239583333334,0.9996666666666667,0.9996666666666667,2000,20260826;20268848;20276870;20284892;20292914;20300936;20308958;20316980,123.74599954206496,source_project/paper_results_trip/ldpc/N192_M96/lambda_pSA/memory_sweep_summary.csv,3.8476037044406635,3.928670043006602,0.8016757269480528,snr,0.0,0.46612896078723015,0.0,0.0,0.07744740706187082,0.7389920491353419,cosine,0.12421434807118831,0.5645127352120207,best_state,13837,5306,19200
N192_M96,lambda,normalized,lambda_pSA_normalized,0.5,False,(q_t + lambda*q_(t-1))/(1+lambda) + xi_t,2.6175450773476423,1.862129962027775,1.2770755765993376,1.0,0.30042795138888895,1.0,1.0,2000,20260826;20268848;20276870;20284892;20292914;20300936;20308958;20316980,123.3183687091805,source_project/paper_results_trip/ldpc/N192_M96/lambda_pSA/memory_sweep_summary.csv,3.8476037044406635,3.928670043006602,0.8016757269480528,snr,0.0,0.46612896078723015,0.0,0.0,0.07744740706187082,0.7389920491353419,cosine,0.12421434807118831,0.5645127352120207,best_state,13837,5306,19200
N192_M96,lambda,normalized,lambda_pSA_normalized,0.8,False,(q_t + lambda*q_(t-1))/(1+lambda) + xi_t,2.633787240895063,1.8783721255751953,1.2770755765993376,1.0,0.3118029513888889,1.0,1.0,2000,20260826;20268848;20276870;20284892;20292914;20300936;20308958;20316980,124.08724341681227,source_project/paper_results_trip/ldpc/N192_M96/lambda_pSA/memory_sweep_summary.csv,3.8476037044406635,3.928670043006602,0.8016757269480528,snr,0.0,0.46612896078723015,0.0,0.0,0.07744740706187082,0.7389920491353419,cosine,0.12421434807118831,0.5645127352120207,best_state,13837,5306,19200
N192_M96,lambda,normalized,lambda_pSA_normalized,0.9,False,(q_t + lambda*q_(t-1))/(1+lambda) + xi_t,2.6353601695202906,1.8799450542004232,1.2770755765993376,1.0,0.312921875,1.0,1.0,2000,20260826;20268848;20276870;20284892;20292914;20300936;20308958;20316980,126.97125820815563,source_project/paper_results_trip/ldpc/N192_M96/lambda_pSA/memory_sweep_summary.csv,3.8476037044406635,3.928670043006602,0.8016757269480528,snr,0.0,0.46612896078723015,0.0,0.0,0.07744740706187082,0.7389920491353419,cosine,0.12421434807118831,0.5645127352120207,best_state,13837,5306,19200
N192_M96,lambda,normalized,lambda_pSA_normalized,0.95,False,(q_t + lambda*q_(t-1))/(1+lambda) + xi_t,2.6389167339921347,1.883501618672267,1.2770755765993376,1.0,0.31542274305555557,1.0,1.0,2000,20260826;20268848;20276870;20284892;20292914;20300936;20308958;20316980,124.78162183286622,source_project/paper_results_trip/ldpc/N192_M96/lambda_pSA/memory_sweep_summary.csv,3.8476037044406635,3.928670043006602,0.8016757269480528,snr,0.0,0.46612896078723015,0.0,0.0,0.07744740706187082,0.7389920491353419,cosine,0.12421434807118831,0.5645127352120207,best_state,13837,5306,19200
N192_M96,lambda,normalized,lambda_pSA_normalized,1.0,False,(q_t + lambda*q_(t-1))/(1+lambda) + xi_t,2.640431568491401,1.8850164531715337,1.2770755765993376,1.0,0.31654513888888886,1.0,1.0,2000,20260826;20268848;20276870;20284892;20292914;20300936;20308958;20316980,126.21354112494737,source_project/paper_results_trip/ldpc/N192_M96/lambda_pSA/memory_sweep_summary.csv,3.8476037044406635,3.928670043006602,0.8016757269480528,snr,0.0,0.46612896078723015,0.0,0.0,0.07744740706187082,0.7389920491353419,cosine,0.12421434807118831,0.5645127352120207,best_state,13837,5306,19200
N192_M96,lambda,normalized,lambda_pSA_normalized,1.1,False,(q_t + lambda*q_(t-1))/(1+lambda) + xi_t,2.6428014758858707,1.887386360566003,1.2770755765993376,1.0,0.3182595486111111,1.0,1.0,2000,20260826;20268848;20276870;20284892;20292914;20300936;20308958;20316980,126.53594916593283,source_project/paper_results_trip/ldpc/N192_M96/lambda_pSA/memory_sweep_summary.csv,3.8476037044406635,3.928670043006602,0.8016757269480528,snr,0.0,0.46612896078723015,0.0,0.0,0.07744740706187082,0.7389920491353419,cosine,0.12421434807118831,0.5645127352120207,best_state,13837,5306,19200
N192_M96,lambda,normalized,lambda_pSA_normalized,1.25,False,(q_t + lambda*q_(t-1))/(1+lambda) + xi_t,2.647762809272108,1.8923476939522406,1.2770755765993376,1.0,0.3219201388888889,1.0,1.0,2000,20260826;20268848;20276870;20284892;20292914;20300936;20308958;20316980,124.99127241736278,source_project/paper_results_trip/ldpc/N192_M96/lambda_pSA/memory_sweep_summary.csv,3.8476037044406635,3.928670043006602,0.8016757269480528,snr,0.0,0.46612896078723015,0.0,0.0,0.07744740706187082,0.7389920491353419,cosine,0.12421434807118831,0.5645127352120207,best_state,13837,5306,19200
N192_M96,lambda,normalized,lambda_pSA_normalized,1.4,False,(q_t + lambda*q_(t-1))/(1+lambda) + xi_t,2.649261443746612,1.8938463284267446,1.2770755765993376,1.0,0.32303038194444444,1.0,1.0,2000,20260826;20268848;20276870;20284892;20292914;20300936;20308958;20316980,126.71403120923787,source_project/paper_results_trip/ldpc/N192_M96/lambda_pSA/memory_sweep_summary.csv,3.8476037044406635,3.928670043006602,0.8016757269480528,snr,0.0,0.46612896078723015,0.0,0.0,0.07744740706187082,0.7389920491353419,cosine,0.12421434807118831,0.5645127352120207,best_state,13837,5306,19200
N192_M96,lambda,gain_only,gain_only_pSA,0.0,False,(1+lambda)*q_t + xi_t,2.587667123063537,1.832447634616451,1.2769307755687616,0.9996666666666667,0.28087239583333334,0.9996666666666667,0.9996666666666667,2000,20260826;20268848;20276870;20284892;20292914;20300936;20308958;20316980,125.09775787498802,source_project/paper_results_trip/ldpc/N192_M96/lambda_pSA/memory_sweep_summary.csv,3.8476037044406635,3.928670043006602,0.8016757269480528,snr,0.0,0.46612896078723015,0.0,0.0,0.07744740706187082,0.7389920491353419,cosine,0.12421434807118831,0.5645127352120207,best_state,13837,5306,19200
N192_M96,lambda,gain_only,gain_only_pSA,0.5,False,(1+lambda)*q_t + xi_t,2.5766668235103176,1.824168374857117,1.2770755765993376,0.9941666666666668,0.27562413194444446,1.0,0.9941666666666668,2000,20260826;20268848;20276870;20284892;20292914;20300936;20308958;20316980,124.2319674580358,source_project/paper_results_trip/ldpc/N192_M96/lambda_pSA/memory_sweep_summary.csv,3.8476037044406635,3.928670043006602,0.8016757269480528,snr,0.0,0.46612896078723015,0.0,0.0,0.07744740706187082,0.7389920491353419,cosine,0.12421434807118831,0.5645127352120207,best_state,13837,5306,19200
N192_M96,lambda,gain_only,gain_only_pSA,0.8,False,(1+lambda)*q_t + xi_t,2.51251132313558,1.9191251752673137,1.2769307393413318,0.676,0.3424444444444445,0.9996666666666667,0.676,2000,20260826;20268848;20276870;20284892;20292914;20300936;20308958;20316980,122.65621441742405,source_project/paper_results_trip/ldpc/N192_M96/lambda_pSA/memory_sweep_summary.csv,3.8476037044406635,3.928670043006602,0.8016757269480528,snr,0.0,0.46612896078723015,0.0,0.0,0.07744740706187082,0.7389920491353419,cosine,0.12421434807118831,0.5645127352120207,best_state,13837,5306,19200
N192_M96,lambda,gain_only,gain_only_pSA,0.9,False,(1+lambda)*q_t + xi_t,2.339088391738362,2.0836732764184944,1.2770755765993376,0.0,0.49981423611111114,1.0,0.0,2000,20260826;20268848;20276870;20284892;20292914;20300936;20308958;20316980,118.00661545805633,source_project/paper_results_trip/ldpc/N192_M96/lambda_pSA/memory_sweep_summary.csv,3.8476037044406635,3.928670043006602,0.8016757269480528,snr,0.0,0.46612896078723015,0.0,0.0,0.07744740706187082,0.7389920491353419,cosine,0.12421434807118831,0.5645127352120207,best_state,13837,5306,19200
N192_M96,lambda,gain_only,gain_only_pSA,0.95,False,(1+lambda)*q_t + xi_t,2.339088391738362,2.0836732764184944,1.2770755765993376,0.0,0.49981423611111114,1.0,0.0,2000,20260826;20268848;20276870;20284892;20292914;20300936;20308958;20316980,116.37942612497136,source_project/paper_results_trip/ldpc/N192_M96/lambda_pSA/memory_sweep_summary.csv,3.8476037044406635,3.928670043006602,0.8016757269480528,snr,0.0,0.46612896078723015,0.0,0.0,0.07744740706187082,0.7389920491353419,cosine,0.12421434807118831,0.5645127352120207,best_state,13837,5306,19200
N192_M96,lambda,gain_only,gain_only_pSA,1.0,False,(1+lambda)*q_t + xi_t,2.339088391738362,2.0836732764184944,1.2770755765993376,0.0,0.49981423611111114,1.0,0.0,2000,20260826;20268848;20276870;20284892;20292914;20300936;20308958;20316980,119.99950204184279,source_project/paper_results_trip/ldpc/N192_M96/lambda_pSA/memory_sweep_summary.csv,3.8476037044406635,3.928670043006602,0.8016757269480528,snr,0.0,0.46612896078723015,0.0,0.0,0.07744740706187082,0.7389920491353419,cosine,0.12421434807118831,0.5645127352120207,best_state,13837,5306,19200
N192_M96,lambda,gain_only,gain_only_pSA,1.1,False,(1+lambda)*q_t + xi_t,2.339088391738362,2.0836732764184944,1.2770755765993376,0.0,0.49981423611111114,1.0,0.0,2000,20260826;20268848;20276870;20284892;20292914;20300936;20308958;20316980,119.60418950021267,source_project/paper_results_trip/ldpc/N192_M96/lambda_pSA/memory_sweep_summary.csv,3.8476037044406635,3.928670043006602,0.8016757269480528,snr,0.0,0.46612896078723015,0.0,0.0,0.07744740706187082,0.7389920491353419,cosine,0.12421434807118831,0.5645127352120207,best_state,13837,5306,19200
N192_M96,lambda,gain_only,gain_only_pSA,1.25,False,(1+lambda)*q_t + xi_t,2.339088391738362,2.0836732764184944,1.2770755765993376,0.0,0.49981423611111114,1.0,0.0,2000,20260826;20268848;20276870;20284892;20292914;20300936;20308958;20316980,120.58509920816869,source_project/paper_results_trip/ldpc/N192_M96/lambda_pSA/memory_sweep_summary.csv,3.8476037044406635,3.928670043006602,0.8016757269480528,snr,0.0,0.46612896078723015,0.0,0.0,0.07744740706187082,0.7389920491353419,cosine,0.12421434807118831,0.5645127352120207,best_state,13837,5306,19200
N192_M96,lambda,gain_only,gain_only_pSA,1.4,False,(1+lambda)*q_t + xi_t,2.339088391738362,2.0836732764184944,1.2770755765993376,0.0,0.49981423611111114,1.0,0.0,2000,20260826;20268848;20276870;20284892;20292914;20300936;20308958;20316980,117.47528966609389,source_project/paper_results_trip/ldpc/N192_M96/lambda_pSA/memory_sweep_summary.csv,3.8476037044406635,3.928670043006602,0.8016757269480528,snr,0.0,0.46612896078723015,0.0,0.0,0.07744740706187082,0.7389920491353419,cosine,0.12421434807118831,0.5645127352120207,best_state,13837,5306,19200
N288_M144,lambda,pSA,pSA,0.0,False,q_t + xi_t,2.8879996117866034,2.1012940271065776,1.4335279234001286,1.0,0.3223640046296296,1.0,1.0,2000,20260826;20268848;20276870;20284892;20292914;20300936;20308958;20316980,216.42789629194885,source_project/paper_results_trip/ldpc/N288_M144/lambda_pSA/memory_sweep_summary.csv,0.1704565400035984,0.16929051772556775,1.7203595365825695,fixed,0.0,0.40757725802361194,0.0,0.0,0.2268291997922201,8.368513046598743,cosine,0.06910328208417126,0.3833464231826391,best_state,25389,196,25600
N288_M144,lambda,additive,lambda_pSA,0.0,False,q_t + lambda*q_(t-1) + xi_t,2.8879996117866034,2.1012940271065776,1.4335279234001286,1.0,0.3223640046296296,1.0,1.0,2000,20260826;20268848;20276870;20284892;20292914;20300936;20308958;20316980,219.13040024973452,source_project/paper_results_trip/ldpc/N288_M144/lambda_pSA/memory_sweep_summary.csv,0.1704565400035984,0.16929051772556775,1.7203595365825695,fixed,0.0,0.40757725802361194,0.0,0.0,0.2268291997922201,8.368513046598743,cosine,0.06910328208417126,0.3833464231826391,best_state,25389,196,25600
N288_M144,lambda,additive,lambda_pSA,0.5,False,q_t + lambda*q_(t-1) + xi_t,2.068519652478662,1.587735774002898,1.1064193923788215,0.519,0.1105318287037037,0.5191666666666667,0.519,2000,20260826;20268848;20276870;20284892;20292914;20300936;20308958;20316980,208.30012012505904,source_project/paper_results_trip/ldpc/N288_M144/lambda_pSA/memory_sweep_summary.csv,0.1704565400035984,0.16929051772556775,1.7203595365825695,fixed,0.0,0.40757725802361194,0.0,0.0,0.2268291997922201,8.368513046598743,cosine,0.06910328208417126,0.3833464231826391,best_state,25389,196,25600
N288_M144,lambda,additive,lambda_pSA,0.8,False,q_t + lambda*q_(t-1) + xi_t,0.3493795821533976,0.2758153290334182,0.20282126559989688,0.066,0.007964699074074074,0.0675,0.066,2000,20260826;20268848;20276870;20284892;20292914;20300936;20308958;20316980,201.87735170777887,source_project/paper_results_trip/ldpc/N288_M144/lambda_pSA/memory_sweep_summary.csv,0.1704565400035984,0.16929051772556775,1.7203595365825695,fixed,0.0,0.40757725802361194,0.0,0.0,0.2268291997922201,8.368513046598743,cosine,0.06910328208417126,0.3833464231826391,best_state,25389,196,25600
N288_M144,lambda,additive,lambda_pSA,0.9,False,q_t + lambda*q_(t-1) + xi_t,0.2570980211794145,0.19795209017410484,0.124896321693215,0.06833333333333334,0.007401620370370371,0.0695,0.06833333333333334,2000,20260826;20268848;20276870;20284892;20292914;20300936;20308958;20316980,202.38678133301437,source_project/paper_results_trip/ldpc/N288_M144/lambda_pSA/memory_sweep_summary.csv,0.1704565400035984,0.16929051772556775,1.7203595365825695,fixed,0.0,0.40757725802361194,0.0,0.0,0.2268291997922201,8.368513046598743,cosine,0.06910328208417126,0.3833464231826391,best_state,25389,196,25600
N288_M144,lambda,additive,lambda_pSA,0.95,False,q_t + lambda*q_(t-1) + xi_t,0.2690318676313102,0.20038386926341908,0.12865665850612226,0.08583333333333333,0.00864525462962963,0.08716666666666667,0.08583333333333333,2000,20260826;20268848;20276870;20284892;20292914;20300936;20308958;20316980,201.4610186247155,source_project/paper_results_trip/ldpc/N288_M144/lambda_pSA/memory_sweep_summary.csv,0.1704565400035984,0.16929051772556775,1.7203595365825695,fixed,0.0,0.40757725802361194,0.0,0.0,0.2268291997922201,8.368513046598743,cosine,0.06910328208417126,0.3833464231826391,best_state,25389,196,25600
N288_M144,lambda,additive,lambda_pSA_extended,1.0,True,q_t + lambda*q_(t-1) + xi_t,0.31362724684990834,0.22888013784745506,0.18456887834559954,0.09566666666666668,0.00932175925925926,0.09733333333333333,0.09566666666666668,2000,20260826;20268848;20276870;20284892;20292914;20300936;20308958;20316980,202.61902983300388,source_project/paper_results_trip/ldpc/N288_M144/lambda_pSA/memory_sweep_summary.csv,0.1704565400035984,0.16929051772556775,1.7203595365825695,fixed,0.0,0.40757725802361194,0.0,0.0,0.2268291997922201,8.368513046598743,cosine,0.06910328208417126,0.3833464231826391,best_state,25389,196,25600
N288_M144,lambda,additive,lambda_pSA_extended,1.1,True,q_t + lambda*q_(t-1) + xi_t,0.39216636044364367,0.2946467120380496,0.22093157536130362,0.10666666666666667,0.010392361111111113,0.10933333333333334,0.10666666666666667,2000,20260826;20268848;20276870;20284892;20292914;20300936;20308958;20316980,203.22149670822546,source_project/paper_results_trip/ldpc/N288_M144/lambda_pSA/memory_sweep_summary.csv,0.1704565400035984,0.16929051772556775,1.7203595365825695,fixed,0.0,0.40757725802361194,0.0,0.0,0.2268291997922201,8.368513046598743,cosine,0.06910328208417126,0.3833464231826391,best_state,25389,196,25600
N288_M144,lambda,additive,lambda_pSA_extended,1.25,True,q_t + lambda*q_(t-1) + xi_t,0.37580354140359307,0.28102993238051516,0.220951378448723,0.10116666666666667,0.009880787037037037,0.10216666666666667,0.10116666666666667,2000,20260826;20268848;20276870;20284892;20292914;20300936;20308958;20316980,201.84042975027114,source_project/paper_results_trip/ldpc/N288_M144/lambda_pSA/memory_sweep_summary.csv,0.1704565400035984,0.16929051772556775,1.7203595365825695,fixed,0.0,0.40757725802361194,0.0,0.0,0.2268291997922201,8.368513046598743,cosine,0.06910328208417126,0.3833464231826391,best_state,25389,196,25600
N288_M144,lambda,additive,lambda_pSA_extended,1.4,True,q_t + lambda*q_(t-1) + xi_t,0.47616057803679024,0.3671564776232918,0.27418716873415877,0.10833333333333334,0.01074537037037037,0.1095,0.10833333333333334,2000,20260826;20268848;20276870;20284892;20292914;20300936;20308958;20316980,202.37828083289787,source_project/paper_results_trip/ldpc/N288_M144/lambda_pSA/memory_sweep_summary.csv,0.1704565400035984,0.16929051772556775,1.7203595365825695,fixed,0.0,0.40757725802361194,0.0,0.0,0.2268291997922201,8.368513046598743,cosine,0.06910328208417126,0.3833464231826391,best_state,25389,196,25600
N288_M144,lambda,normalized,lambda_pSA_normalized,0.0,False,(q_t + lambda*q_(t-1))/(1+lambda) + xi_t,2.8879996117866034,2.1012940271065776,1.4335279234001286,1.0,0.3223640046296296,1.0,1.0,2000,20260826;20268848;20276870;20284892;20292914;20300936;20308958;20316980,222.41255729226395,source_project/paper_results_trip/ldpc/N288_M144/lambda_pSA/memory_sweep_summary.csv,0.1704565400035984,0.16929051772556775,1.7203595365825695,fixed,0.0,0.40757725802361194,0.0,0.0,0.2268291997922201,8.368513046598743,cosine,0.06910328208417126,0.3833464231826391,best_state,25389,196,25600
N288_M144,lambda,normalized,lambda_pSA_normalized,0.5,False,(q_t + lambda*q_(t-1))/(1+lambda) + xi_t,2.8998394974322976,2.113133912752272,1.4335279234001286,1.0,0.3312748842592592,1.0,1.0,2000,20260826;20268848;20276870;20284892;20292914;20300936;20308958;20316980,221.2472400837578,source_project/paper_results_trip/ldpc/N288_M144/lambda_pSA/memory_sweep_summary.csv,0.1704565400035984,0.16929051772556775,1.7203595365825695,fixed,0.0,0.40757725802361194,0.0,0.0,0.2268291997922201,8.368513046598743,cosine,0.06910328208417126,0.3833464231826391,best_state,25389,196,25600
N288_M144,lambda,normalized,lambda_pSA_normalized,0.8,False,(q_t + lambda*q_(t-1))/(1+lambda) + xi_t,2.9057638624914213,2.1190582778113956,1.4335279234001286,1.0,0.33581944444444445,1.0,1.0,2000,20260826;20268848;20276870;20284892;20292914;20300936;20308958;20316980,222.82904404215515,source_project/paper_results_trip/ldpc/N288_M144/lambda_pSA/memory_sweep_summary.csv,0.1704565400035984,0.16929051772556775,1.7203595365825695,fixed,0.0,0.40757725802361194,0.0,0.0,0.2268291997922201,8.368513046598743,cosine,0.06910328208417126,0.3833464231826391,best_state,25389,196,25600
N288_M144,lambda,normalized,lambda_pSA_normalized,0.9,False,(q_t + lambda*q_(t-1))/(1+lambda) + xi_t,2.909147621089125,2.1224420364090992,1.4335279234001286,1.0,0.33843807870370374,1.0,1.0,2000,20260826;20268848;20276870;20284892;20292914;20300936;20308958;20316980,221.9898721659556,source_project/paper_results_trip/ldpc/N288_M144/lambda_pSA/memory_sweep_summary.csv,0.1704565400035984,0.16929051772556775,1.7203595365825695,fixed,0.0,0.40757725802361194,0.0,0.0,0.2268291997922201,8.368513046598743,cosine,0.06910328208417126,0.3833464231826391,best_state,25389,196,25600
N288_M144,lambda,normalized,lambda_pSA_normalized,0.95,False,(q_t + lambda*q_(t-1))/(1+lambda) + xi_t,2.909539773001616,2.1228341883215904,1.4335279234001286,1.0,0.3387494212962963,1.0,1.0,2000,20260826;20268848;20276870;20284892;20292914;20300936;20308958;20316980,220.2380677498877,source_project/paper_results_trip/ldpc/N288_M144/lambda_pSA/memory_sweep_summary.csv,0.1704565400035984,0.16929051772556775,1.7203595365825695,fixed,0.0,0.40757725802361194,0.0,0.0,0.2268291997922201,8.368513046598743,cosine,0.06910328208417126,0.3833464231826391,best_state,25389,196,25600
N288_M144,lambda,normalized,lambda_pSA_normalized,1.0,False,(q_t + lambda*q_(t-1))/(1+lambda) + xi_t,2.9109313826499084,2.1242257979698826,1.4335279234001286,1.0,0.33983333333333327,1.0,1.0,2000,20260826;20268848;20276870;20284892;20292914;20300936;20308958;20316980,219.42938175005838,source_project/paper_results_trip/ldpc/N288_M144/lambda_pSA/memory_sweep_summary.csv,0.1704565400035984,0.16929051772556775,1.7203595365825695,fixed,0.0,0.40757725802361194,0.0,0.0,0.2268291997922201,8.368513046598743,cosine,0.06910328208417126,0.3833464231826391,best_state,25389,196,25600
N288_M144,lambda,normalized,lambda_pSA_normalized,1.1,False,(q_t + lambda*q_(t-1))/(1+lambda) + xi_t,2.913120427084514,2.1264148424044884,1.4335279234001286,1.0,0.34154166666666663,1.0,1.0,2000,20260826;20268848;20276870;20284892;20292914;20300936;20308958;20316980,221.62781179090962,source_project/paper_results_trip/ldpc/N288_M144/lambda_pSA/memory_sweep_summary.csv,0.1704565400035984,0.16929051772556775,1.7203595365825695,fixed,0.0,0.40757725802361194,0.0,0.0,0.2268291997922201,8.368513046598743,cosine,0.06910328208417126,0.3833464231826391,best_state,25389,196,25600
N288_M144,lambda,normalized,lambda_pSA_normalized,1.25,False,(q_t + lambda*q_(t-1))/(1+lambda) + xi_t,2.914931114330018,2.1282255296499923,1.4335279234001286,1.0,0.34297395833333333,1.0,1.0,2000,20260826;20268848;20276870;20284892;20292914;20300936;20308958;20316980,222.16572495829314,source_project/paper_results_trip/ldpc/N288_M144/lambda_pSA/memory_sweep_summary.csv,0.1704565400035984,0.16929051772556775,1.7203595365825695,fixed,0.0,0.40757725802361194,0.0,0.0,0.2268291997922201,8.368513046598743,cosine,0.06910328208417126,0.3833464231826391,best_state,25389,196,25600
N288_M144,lambda,normalized,lambda_pSA_normalized,1.4,False,(q_t + lambda*q_(t-1))/(1+lambda) + xi_t,2.916331865861707,2.129626281181681,1.4335279234001286,1.0,0.3440787037037037,1.0,1.0,2000,20260826;20268848;20276870;20284892;20292914;20300936;20308958;20316980,220.705629541073,source_project/paper_results_trip/ldpc/N288_M144/lambda_pSA/memory_sweep_summary.csv,0.1704565400035984,0.16929051772556775,1.7203595365825695,fixed,0.0,0.40757725802361194,0.0,0.0,0.2268291997922201,8.368513046598743,cosine,0.06910328208417126,0.3833464231826391,best_state,25389,196,25600
N288_M144,lambda,gain_only,gain_only_pSA,0.0,False,(1+lambda)*q_t + xi_t,2.8879996117866034,2.1012940271065776,1.4335279234001286,1.0,0.3223640046296296,1.0,1.0,2000,20260826;20268848;20276870;20284892;20292914;20300936;20308958;20316980,217.395487499889,source_project/paper_results_trip/ldpc/N288_M144/lambda_pSA/memory_sweep_summary.csv,0.1704565400035984,0.16929051772556775,1.7203595365825695,fixed,0.0,0.40757725802361194,0.0,0.0,0.2268291997922201,8.368513046598743,cosine,0.06910328208417126,0.3833464231826391,best_state,25389,196,25600
N288_M144,lambda,gain_only,gain_only_pSA,0.5,False,(1+lambda)*q_t + xi_t,2.8862559657730964,2.0995503810930707,1.4335279234001286,1.0,0.3210688657407408,1.0,1.0,2000,20260826;20268848;20276870;20284892;20292914;20300936;20308958;20316980,215.14859070908278,source_project/paper_results_trip/ldpc/N288_M144/lambda_pSA/memory_sweep_summary.csv,0.1704565400035984,0.16929051772556775,1.7203595365825695,fixed,0.0,0.40757725802361194,0.0,0.0,0.2268291997922201,8.368513046598743,cosine,0.06910328208417126,0.3833464231826391,best_state,25389,196,25600
N288_M144,lambda,gain_only,gain_only_pSA,0.8,False,(1+lambda)*q_t + xi_t,2.8874457910423783,2.1007402063623526,1.4335279234001286,1.0,0.3219606481481481,1.0,1.0,2000,20260826;20268848;20276870;20284892;20292914;20300936;20308958;20316980,218.51799154095352,source_project/paper_results_trip/ldpc/N288_M144/lambda_pSA/memory_sweep_summary.csv,0.1704565400035984,0.16929051772556775,1.7203595365825695,fixed,0.0,0.40757725802361194,0.0,0.0,0.2268291997922201,8.368513046598743,cosine,0.06910328208417126,0.3833464231826391,best_state,25389,196,25600
N288_M144,lambda,gain_only,gain_only_pSA,0.9,False,(1+lambda)*q_t + xi_t,2.8873787258508754,2.1006731411708497,1.4335279234001286,1.0,0.32189467592592585,1.0,1.0,2000,20260826;20268848;20276870;20284892;20292914;20300936;20308958;20316980,218.8091848748736,source_project/paper_results_trip/ldpc/N288_M144/lambda_pSA/memory_sweep_summary.csv,0.1704565400035984,0.16929051772556775,1.7203595365825695,fixed,0.0,0.40757725802361194,0.0,0.0,0.2268291997922201,8.368513046598743,cosine,0.06910328208417126,0.3833464231826391,best_state,25389,196,25600
N288_M144,lambda,gain_only,gain_only_pSA,0.95,False,(1+lambda)*q_t + xi_t,2.8875544269562234,2.1008488422761977,1.4335279234001286,1.0,0.32203877314814816,1.0,1.0,2000,20260826;20268848;20276870;20284892;20292914;20300936;20308958;20316980,218.64928795862943,source_project/paper_results_trip/ldpc/N288_M144/lambda_pSA/memory_sweep_summary.csv,0.1704565400035984,0.16929051772556775,1.7203595365825695,fixed,0.0,0.40757725802361194,0.0,0.0,0.2268291997922201,8.368513046598743,cosine,0.06910328208417126,0.3833464231826391,best_state,25389,196,25600
N288_M144,lambda,gain_only,gain_only_pSA,1.0,False,(1+lambda)*q_t + xi_t,2.8886721784663494,2.1019665937863237,1.4335279234001286,1.0,0.322859375,1.0,1.0,2000,20260826;20268848;20276870;20284892;20292914;20300936;20308958;20316980,217.9687480418943,source_project/paper_results_trip/ldpc/N288_M144/lambda_pSA/memory_sweep_summary.csv,0.1704565400035984,0.16929051772556775,1.7203595365825695,fixed,0.0,0.40757725802361194,0.0,0.0,0.2268291997922201,8.368513046598743,cosine,0.06910328208417126,0.3833464231826391,best_state,25389,196,25600
N288_M144,lambda,gain_only,gain_only_pSA,1.1,False,(1+lambda)*q_t + xi_t,2.8883181474583344,2.1016125627783087,1.4335279234001286,1.0,0.3226012731481482,1.0,1.0,2000,20260826;20268848;20276870;20284892;20292914;20300936;20308958;20316980,216.59764279192314,source_project/paper_results_trip/ldpc/N288_M144/lambda_pSA/memory_sweep_summary.csv,0.1704565400035984,0.16929051772556775,1.7203595365825695,fixed,0.0,0.40757725802361194,0.0,0.0,0.2268291997922201,8.368513046598743,cosine,0.06910328208417126,0.3833464231826391,best_state,25389,196,25600
N288_M144,lambda,gain_only,gain_only_pSA,1.25,False,(1+lambda)*q_t + xi_t,2.889357530455608,2.102651945775582,1.4335279234001286,1.0,0.32338831018518516,1.0,1.0,2000,20260826;20268848;20276870;20284892;20292914;20300936;20308958;20316980,219.20358037529513,source_project/paper_results_trip/ldpc/N288_M144/lambda_pSA/memory_sweep_summary.csv,0.1704565400035984,0.16929051772556775,1.7203595365825695,fixed,0.0,0.40757725802361194,0.0,0.0,0.2268291997922201,8.368513046598743,cosine,0.06910328208417126,0.3833464231826391,best_state,25389,196,25600
N288_M144,lambda,gain_only,gain_only_pSA,1.4,False,(1+lambda)*q_t + xi_t,2.8891684471034087,2.102462862423383,1.4335279234001286,1.0,0.3232309027777778,1.0,1.0,2000,20260826;20268848;20276870;20284892;20292914;20300936;20308958;20316980,219.01040179142728,source_project/paper_results_trip/ldpc/N288_M144/lambda_pSA/memory_sweep_summary.csv,0.1704565400035984,0.16929051772556775,1.7203595365825695,fixed,0.0,0.40757725802361194,0.0,0.0,0.2268291997922201,8.368513046598743,cosine,0.06910328208417126,0.3833464231826391,best_state,25389,196,25600
